run_name,question_id,question,expected_source,relevant_chunk_ids,retrieved_chunk_ids,retrieved_scores,latency_ms,reciprocal_rank,aggregate_mrr,recall_at_1,hit_at_1,ndcg_at_1,aggregate_recall_at_1,aggregate_hit_rate_at_1,aggregate_ndcg_at_1,recall_at_3,hit_at_3,ndcg_at_3,aggregate_recall_at_3,aggregate_hit_rate_at_3,aggregate_ndcg_at_3,recall_at_5,hit_at_5,ndcg_at_5,aggregate_recall_at_5,aggregate_hit_rate_at_5,aggregate_ndcg_at_5
final_reranked,sqa-22853a3ab950cd44,What does FastAPI read from the request body when you declare a Python type?,fastapi/docs/tutorial/body.md,"[""cb4cd8b6-6c0d-535e-ac26-f6b00cfe2335""]","[""13ef7f2b-1f00-5309-bd90-b6e3e44bfab2"",""155b2949-7971-596e-9884-bf9670585371"",""599b482a-07e9-5fe2-9dff-bd6b2266815f"",""e1fc917b-9df3-5c3f-9efe-3e64e59ea1f6"",""383f44b8-6656-5cac-83dd-8a080d8136ad""]","[5.463677406311035,5.373469352722168,4.568362712860107,4.139994144439697,3.6319377422332764]",13360.591528995428,0.0,0.6473333333333333,0.0,0.0,0.0,0.54,0.54,0.54,0.0,0.0,0.0,0.7,0.72,0.6418430423562295,0.0,0.0,0.0,0.81,0.82,0.6893155855982436
final_reranked,sqa-8111f18ad4679ac4,"Which nested field key is used in the HTTP, Python, TypeScript, Rust, and Java examples to specify the sightseeing condition?",qdrant/qdrant_llms_full.txt,"[""ddc4a2f7-ceb0-5fb1-a906-f0521bc57255""]","[""7e9e7236-ca01-5866-8733-4673a8333d42"",""7fa20fa6-bb3b-5f2a-833b-662137689ec1"",""19c1767f-1ff3-522b-8183-2c5b2a5523b2"",""ddc4a2f7-ceb0-5fb1-a906-f0521bc57255"",""c2a5b047-04d6-5e57-9e0b-584f785701cd""]","[3.1934823989868164,3.077592372894287,1.3955161571502686,1.2134212255477905,0.9220201969146729]",5040.426419000141,0.25,0.6473333333333333,0.0,0.0,0.0,0.54,0.54,0.54,0.0,0.0,0.0,0.7,0.72,0.6418430423562295,1.0,1.0,0.43067655807339306,0.81,0.82,0.6893155855982436
final_reranked,sqa-54a24f6e54a73e24,What HTTP endpoint is shown for scrolling points in a collection?,qdrant/qdrant_llms_full.txt,"[""ddc4a2f7-ceb0-5fb1-a906-f0521bc57255""]","[""5555f152-9a93-5f65-8d49-d74c1ba2fb08"",""c75ad278-dcc7-5344-adab-561ad7332a2e"",""8c9b1887-ef96-5c34-b8bd-7e6d0b12e98c"",""7ff8bf2b-05ff-5b50-9404-6a8a27b38124"",""b74aea2b-2c48-5227-9472-d3b645d83e7e""]","[3.362248659133911,3.3534929752349854,2.595717430114746,2.2250046730041504,0.3905484974384308]",2648.965150990989,0.0,0.6473333333333333,0.0,0.0,0.0,0.54,0.54,0.54,0.0,0.0,0.0,0.7,0.72,0.6418430423562295,0.0,0.0,0.0,0.81,0.82,0.6893155855982436
final_reranked,sqa-2312659ece1beeb0,Name two advantages of using UploadFile over bytes.,fastapi/docs/tutorial/request-files.md,"[""13b7773d-2090-5219-8877-ba7558da57ac""]","[""13b7773d-2090-5219-8877-ba7558da57ac"",""4b8a61d0-9727-5b59-8752-8394e1b5fa19"",""fed849b2-9c59-5da7-be70-e8e4df8c046f"",""6bdeef3c-0776-5f50-bfef-c3d1c305c610"",""122cea44-99a6-5c21-8b59-8958588d48dd""]","[5.131678581237793,-1.0845191478729248,-1.4388329982757568,-1.6048145294189453,-3.654707193374634]",3838.5717619676143,1.0,0.6473333333333333,1.0,1.0,1.0,0.54,0.54,0.54,1.0,1.0,1.0,0.7,0.72,0.6418430423562295,1.0,1.0,1.0,0.81,0.82,0.6893155855982436
final_reranked,sqa-8f550fc0f0c97fdf,What happens to a file once its in-memory size limit is exceeded when using UploadFile?,fastapi/docs/tutorial/request-files.md,"[""13b7773d-2090-5219-8877-ba7558da57ac""]","[""13b7773d-2090-5219-8877-ba7558da57ac"",""4ad555fc-b3cb-515c-af11-bdfe8aee7389"",""6bdeef3c-0776-5f50-bfef-c3d1c305c610"",""694f4dbe-82fb-5c5b-879a-f0a021962ee2"",""b1985c60-7321-5f01-8ae0-560bb8b9b88d""]","[0.8445117473602295,-2.822885513305664,-3.904104709625244,-3.9531116485595703,-5.5709733963012695]",4909.496186010074,1.0,0.6473333333333333,1.0,1.0,1.0,0.54,0.54,0.54,1.0,1.0,1.0,0.7,0.72,0.6418430423562295,1.0,1.0,1.0,0.81,0.82,0.6893155855982436
final_reranked,sqa-220fbcfa80439038,What Python object does UploadFile expose that can be passed to libraries expecting a file-like object?,fastapi/docs/tutorial/request-files.md,"[""13b7773d-2090-5219-8877-ba7558da57ac""]","[""13b7773d-2090-5219-8877-ba7558da57ac"",""6bdeef3c-0776-5f50-bfef-c3d1c305c610"",""f7b110c9-1027-52d4-b3bd-ed20f8b76190"",""b1985c60-7321-5f01-8ae0-560bb8b9b88d"",""122cea44-99a6-5c21-8b59-8958588d48dd""]","[6.289060592651367,4.004143714904785,0.5229870080947876,0.125244140625,-1.0977791547775269]",4685.169341042638,1.0,0.6473333333333333,1.0,1.0,1.0,0.54,0.54,0.54,1.0,1.0,1.0,0.7,0.72,0.6418430423562295,1.0,1.0,1.0,0.81,0.82,0.6893155855982436
final_reranked,sqa-7f4b9c901bcac8d2,What file format does MLflow use for saving models from a variety of tools?,mlflow/docs/docs/quickstart_drilldown/index.mdx,"[""c62d01b9-14fc-5f93-aa8e-540cd36c9b37""]","[""c62d01b9-14fc-5f93-aa8e-540cd36c9b37"",""bfd25439-477b-51c7-a2a0-cc786bf90af2"",""e8fbb621-b6b5-514d-afa7-86dad192161d"",""05701a59-154f-5880-8ad6-03c5b868a610"",""340a7a12-017b-5c84-9e42-26cdfb3c730b""]","[8.238073348999023,8.022964477539062,6.7993388175964355,6.393243789672852,5.6402177810668945]",5741.186225030106,1.0,0.6473333333333333,1.0,1.0,1.0,0.54,0.54,0.54,1.0,1.0,1.0,0.7,0.72,0.6418430423562295,1.0,1.0,1.0,0.81,0.82,0.6893155855982436
final_reranked,sqa-806e7d79beff73b8,Which MLflow flavor can log scikit-learn models as artifacts for serving?,mlflow/docs/docs/quickstart_drilldown/index.mdx,"[""c62d01b9-14fc-5f93-aa8e-540cd36c9b37""]","[""c62d01b9-14fc-5f93-aa8e-540cd36c9b37"",""b99ec21b-03fa-5b59-b38f-a660312b281b"",""0059cb42-7790-5a9a-a5e5-bc3f0d2acbf6"",""d9abccc5-476d-55da-8563-74e8bd06d59a"",""8793a7a9-7a3c-5156-96bc-0865d968fe11""]","[6.769391059875488,6.763713836669922,5.841147422790527,4.2531633377075195,4.2040486335754395]",4243.268262012862,1.0,0.6473333333333333,1.0,1.0,1.0,0.54,0.54,0.54,1.0,1.0,1.0,0.7,0.72,0.6418430423562295,1.0,1.0,1.0,0.81,0.82,0.6893155855982436
final_reranked,sqa-43e609692540e39f,What is the exact MLflow command to serve a model located at runs:/<RUN_ID>/model?,mlflow/docs/docs/quickstart_drilldown/index.mdx,"[""c62d01b9-14fc-5f93-aa8e-540cd36c9b37""]","[""218b080d-67c5-5a10-b251-e9367028cdc9"",""3e359e76-43f1-5f9d-bf88-29f5d9079fba"",""4816bc2e-ac37-5cc4-ad2b-897b09bdd7fa"",""c62d01b9-14fc-5f93-aa8e-540cd36c9b37"",""758e32db-c55b-5f14-bef6-a205b10c9b64""]","[5.116191864013672,4.450728416442871,4.334171295166016,4.260219573974609,4.23281192779541]",6035.048230027314,0.25,0.6473333333333333,0.0,0.0,0.0,0.54,0.54,0.54,0.0,0.0,0.0,0.7,0.72,0.6418430423562295,1.0,1.0,0.43067655807339306,0.81,0.82,0.6893155855982436
final_reranked,sqa-fe6afefa50c92384,What does an MLmodel file declare about each model to enable serving it as a Python function?,mlflow/docs/docs/quickstart_drilldown/index.mdx,"[""c62d01b9-14fc-5f93-aa8e-540cd36c9b37""]","[""c62d01b9-14fc-5f93-aa8e-540cd36c9b37"",""ce08fa6e-2a0d-5941-a768-721f1d318900"",""05701a59-154f-5880-8ad6-03c5b868a610"",""ecf09611-c5f3-557e-8e79-fea8f479b1f6"",""dbe09aa4-6925-52d2-a65f-abac53855a8a""]","[6.590570449829102,2.781949281692505,2.6642093658447266,2.269674062728882,2.0428688526153564]",7669.2349429940805,1.0,0.6473333333333333,1.0,1.0,1.0,0.54,0.54,0.54,1.0,1.0,1.0,0.7,0.72,0.6418430423562295,1.0,1.0,1.0,0.81,0.82,0.6893155855982436
final_reranked,sqa-ebcd24ac3da514b9,What HTTP method and path are used to observe the cluster state after synchronization?,qdrant/qdrant_llms_full.txt,"[""6dc03388-cb65-5ba4-bc45-947108709ffc""]","[""6dc03388-cb65-5ba4-bc45-947108709ffc"",""b8c22f35-8b2f-5ca5-b8d6-7de53306d380"",""efb4fbec-351e-52c2-a1cd-d2ac5a4ae693"",""bef2b7a6-d93c-557c-8e6d-1201d490d06a"",""0a460019-81a0-54e5-89ff-a771a8284926""]","[4.32753324508667,-1.1171256303787231,-1.4525878429412842,-1.6528704166412354,-1.8047070503234863]",4292.070391005836,1.0,0.6473333333333333,1.0,1.0,1.0,0.54,0.54,0.54,1.0,1.0,1.0,0.7,0.72,0.6418430423562295,1.0,1.0,1.0,0.81,0.82,0.6893155855982436
final_reranked,sqa-50e37593177ea153,What warning is given about handling a plain password in this section?,fastapi/docs/tutorial/response-model.md,"[""60e1a507-5db2-5497-b074-bfa41ae03129""]","[""60e1a507-5db2-5497-b074-bfa41ae03129"",""90a5c7da-34e6-5f22-af60-535d6fed6ccd"",""1f2b0f81-b977-5ffc-beab-61140d98623d"",""bc300f0a-cb5d-5071-9712-49e0c956737a"",""c20af783-e8a4-572f-a88c-16f59674cd23""]","[-4.516146183013916,-5.0610127449035645,-5.539507865905762,-5.829048156738281,-6.951730728149414]",3243.3516170131043,1.0,0.6473333333333333,1.0,1.0,1.0,0.54,0.54,0.54,1.0,1.0,1.0,0.7,0.72,0.6418430423562295,1.0,1.0,1.0,0.81,0.82,0.6893155855982436
final_reranked,sqa-dc321a1b57e8d142,Which library should be installed to use EmailStr according to the document?,fastapi/docs/tutorial/response-model.md,"[""60e1a507-5db2-5497-b074-bfa41ae03129""]","[""aa88d99d-2651-5e89-8477-f66ab5f1cc0f"",""9bc5574e-d73b-5a52-a334-3485211b1b9b"",""81f01c9c-d0f1-5e7f-81cc-7ab4c9c203b7"",""53f5dcfc-6f4c-55fe-87bf-c5731e14d18e"",""faea17ff-d13a-5512-a42f-2be1d19ce065""]","[-3.826629877090454,-4.512796401977539,-5.068301200866699,-5.74875545501709,-6.248764991760254]",4817.345245974138,0.0,0.6473333333333333,0.0,0.0,0.0,0.54,0.54,0.54,0.0,0.0,0.0,0.7,0.72,0.6418430423562295,0.0,0.0,0.0,0.81,0.82,0.6893155855982436
final_reranked,sqa-1333a2c4d6953cf4,What happens to the request_preview size and where is the full request stored?,mlflow/docs/api_reference/source/rest-api.rst,"[""c584436b-b86e-5e08-9299-696550b4562e""]","[""68332e95-fd7c-50a8-81b6-bb49f01778cb"",""e2349418-0900-51e7-b846-c3ab1a5e0494"",""e3dafb28-11e1-5e57-8e00-777321b5b229"",""b7f06ff7-8fc6-5d2e-bf3c-454ec756ff1d"",""637d805c-fbe0-5b0d-88fe-49465fc95dac""]","[-1.3791743516921997,-1.858964204788208,-3.697782516479492,-4.335907936096191,-7.266573429107666]",4044.1816530073993,0.0,0.6473333333333333,0.0,0.0,0.0,0.54,0.54,0.54,0.0,0.0,0.0,0.7,0.72,0.6418430423562295,0.0,0.0,0.0,0.81,0.82,0.6893155855982436
final_reranked,sqa-c550d812bb5272e0,Which distance measures are given as examples for calculating similarity between embeddings?,qdrant/qdrant_llms_full.txt,"[""edc4b689-6eca-59c2-937a-c48adfe47bd9""]","[""edc4b689-6eca-59c2-937a-c48adfe47bd9"",""fdd484af-d95a-5b94-ad87-8fab81190fcd"",""dd2b6511-88be-5ce3-8c2b-8701c78f4eb0"",""109824b7-ad32-5527-8375-04711df1be0d"",""7c94056f-8d01-5a97-adf2-f17a860507a2""]","[4.59971284866333,4.42096471786499,4.021336555480957,3.710200786590576,3.2272863388061523]",4148.813333013095,1.0,0.6473333333333333,1.0,1.0,1.0,0.54,0.54,0.54,1.0,1.0,1.0,0.7,0.72,0.6418430423562295,1.0,1.0,1.0,0.81,0.82,0.6893155855982436
final_reranked,sqa-c00b9f531d2e5586,"Which file contains the information required to restore the model environment using virtualenv, and what three things does it specify?",mlflow/docs/docs/classic-ml/model/dependencies/index.mdx,"[""2a5c50f9-ab41-50a5-b2ec-54a38036aa95""]","[""2a5c50f9-ab41-50a5-b2ec-54a38036aa95"",""048fe627-c7ce-5902-892b-c81fad23331c"",""8916fc5a-0d29-5bbb-b9af-d6b97e6e6136"",""fa2168b9-d5b2-5bd3-8930-190db4cf819b"",""b156af7d-3d96-5101-97d8-4901a621ba8d""]","[5.356854438781738,3.8903861045837402,-1.3357599973678589,-1.6302618980407715,-1.938083291053772]",3124.1746580344625,1.0,0.6473333333333333,1.0,1.0,1.0,0.54,0.54,0.54,1.0,1.0,1.0,0.7,0.72,0.6418430423562295,1.0,1.0,1.0,0.81,0.82,0.6893155855982436
final_reranked,sqa-ade53f89f8629636,Which standards can be used to establish a secure authentication setup in FastAPI according to the tutorial recap?,fastapi/docs/tutorial/security/oauth2-jwt.md,"[""0421b964-469f-55a3-ae9b-e64ce5cafe86""]","[""0421b964-469f-55a3-ae9b-e64ce5cafe86"",""9616f409-9214-5723-895a-458b59478f06"",""6d43ca41-9634-526a-8383-2397ce372bdc"",""dd9f2a99-e8a0-5b8b-886d-2dbd383c4611"",""ae084e1e-75e7-53a7-873d-af6645df65dc""]","[4.98040771484375,-0.934931218624115,-1.515474796295166,-3.2398176193237305,-3.296382427215576]",7669.083371991292,1.0,0.6473333333333333,1.0,1.0,1.0,0.54,0.54,0.54,1.0,1.0,1.0,0.7,0.72,0.6418430423562295,1.0,1.0,1.0,0.81,0.82,0.6893155855982436
final_reranked,sqa-52abd01126658d4e,Which specific third-party packages are mentioned as easily usable with FastAPI for security handling?,fastapi/docs/tutorial/security/oauth2-jwt.md,"[""0421b964-469f-55a3-ae9b-e64ce5cafe86""]","[""0421b964-469f-55a3-ae9b-e64ce5cafe86"",""85a35f65-e0c8-5ab1-9987-a46b0ac3653c"",""9616f409-9214-5723-895a-458b59478f06"",""9cb2ccf7-13ed-5cbc-a693-d95d6228bfe0"",""0cb137f7-354d-5444-9801-271ccef3872d""]","[4.044703006744385,0.12263438105583191,-1.0350033044815063,-2.3879122734069824,-2.791754722595215]",3677.0214940188453,1.0,0.6473333333333333,1.0,1.0,1.0,0.54,0.54,0.54,1.0,1.0,1.0,0.7,0.72,0.6418430423562295,1.0,1.0,1.0,0.81,0.82,0.6893155855982436
final_reranked,sqa-9bbefdf430f9c31f,What mechanism is used to implement a fine-grained permission system in FastAPI?,fastapi/docs/tutorial/security/oauth2-jwt.md,"[""0421b964-469f-55a3-ae9b-e64ce5cafe86""]","[""8ac0416c-6ab9-5f15-b142-8c0f8bcaa664"",""0421b964-469f-55a3-ae9b-e64ce5cafe86"",""9cb2ccf7-13ed-5cbc-a693-d95d6228bfe0"",""0fad9d69-6727-5168-8c26-0874c352fa3f"",""6fd2aed0-98e6-5e74-8823-4e2cdb247bb9""]","[5.8277788162231445,4.592441558837891,-0.17246998846530914,-2.204038619995117,-2.999293804168701]",3372.830428997986,0.5,0.6473333333333333,0.0,0.0,0.0,0.54,0.54,0.54,1.0,1.0,0.6309297535714575,0.7,0.72,0.6418430423562295,1.0,1.0,0.6309297535714575,0.81,0.82,0.6893155855982436
final_reranked,sqa-5c5e1373d68176f8,How does MLflow determine the input and output schema when logging a PythonModel that includes type hints?,mlflow/docs/docs/classic-ml/model/python_model.mdx,"[""21560148-6a34-5a28-9b74-593b0ac45fef""]","[""21560148-6a34-5a28-9b74-593b0ac45fef"",""055a9d79-9114-5102-a6e5-b19ced1866f2"",""096edd22-507c-52c1-96c2-016f31daddf3"",""68a0fec6-a385-51d6-92c4-12263e163b49"",""645f6db6-3f2e-53bd-bf6a-0ec0a74e4363""]","[8.194194793701172,7.043987274169922,6.917776584625244,6.097648620605469,5.770951271057129]",3419.619267049711,1.0,0.6473333333333333,1.0,1.0,1.0,0.54,0.54,0.54,1.0,1.0,1.0,0.7,0.72,0.6418430423562295,1.0,1.0,1.0,0.81,0.82,0.6893155855982436
final_reranked,sqa-4d1f9fc474b0154c,What occurs if an explicit signature parameter is provided when logging a PythonModel with type hints?,mlflow/docs/docs/classic-ml/model/python_model.mdx,"[""21560148-6a34-5a28-9b74-593b0ac45fef""]","[""21560148-6a34-5a28-9b74-593b0ac45fef"",""70bbe55a-8991-5310-9c38-65e359003b33"",""055a9d79-9114-5102-a6e5-b19ced1866f2"",""14d4ab16-1a76-5eeb-8b5c-476d187b0b6e"",""95c028b7-a820-520b-91af-f46b5579aa37""]","[6.517548561096191,2.9143898487091064,2.7557976245880127,2.578375816345215,2.3668177127838135]",3167.8142320015468,1.0,0.6473333333333333,1.0,1.0,1.0,0.54,0.54,0.54,1.0,1.0,1.0,0.7,0.72,0.6418430423562295,1.0,1.0,1.0,0.81,0.82,0.6893155855982436
final_reranked,sqa-ceaead1685abb224,Where must pydantic model type hints be defined to use pydantic objects as inputs for an MLflow PythonModel?,mlflow/docs/docs/classic-ml/model/python_model.mdx,"[""21560148-6a34-5a28-9b74-593b0ac45fef""]","[""22c7a6c4-153c-5e29-b5a9-fb0814d85dba"",""19272148-a92a-5307-bac2-286f6e079393"",""645f6db6-3f2e-53bd-bf6a-0ec0a74e4363"",""21560148-6a34-5a28-9b74-593b0ac45fef"",""14d4ab16-1a76-5eeb-8b5c-476d187b0b6e""]","[6.631142616271973,6.18565559387207,5.895449638366699,5.295156002044678,4.103079795837402]",3746.8492400366813,0.25,0.6473333333333333,0.0,0.0,0.0,0.54,0.54,0.54,0.0,0.0,0.0,0.7,0.72,0.6418430423562295,1.0,1.0,0.43067655807339306,0.81,0.82,0.6893155855982436
final_reranked,sqa-673de786b69493ab,What initial methods can be used to retrieve a subset of documents before applying a reranker?,qdrant/qdrant_llms_full.txt,"[""a7ac6e05-1341-56fb-ad86-459a76c59eca""]","[""a7ac6e05-1341-56fb-ad86-459a76c59eca"",""7d51e744-dbf6-52a2-a3fa-b2cfc50ea5b1"",""32f96027-5a31-5c3c-b402-a3012523f98c"",""caa71ce4-da24-5f88-a80d-9c78a2a7ae39"",""0447fbcf-795b-50e9-a378-2f69f3a8d32e""]","[6.292043209075928,3.3368968963623047,2.745863914489746,2.4878950119018555,2.0332775115966797]",3539.0089019783773,1.0,0.6473333333333333,1.0,1.0,1.0,0.54,0.54,0.54,1.0,1.0,1.0,0.7,0.72,0.6418430423562295,1.0,1.0,1.0,0.81,0.82,0.6893155855982436
final_reranked,sqa-7d97ec3c52aa5853,What primary trade-off do rerankers make when evaluating document relevance?,qdrant/qdrant_llms_full.txt,"[""a7ac6e05-1341-56fb-ad86-459a76c59eca""]","[""15673683-80fd-5359-a305-48eb90b58215"",""a7ac6e05-1341-56fb-ad86-459a76c59eca"",""b990f7d2-3a5e-5ff2-8646-a85d489103d8"",""4eee9879-b5a6-53c8-ba42-1b8e1936b987"",""6c9db370-b94f-5840-a08b-7a40b13ceb8f""]","[4.376116752624512,4.365792274475098,2.433804512023926,1.5658550262451172,-0.28791698813438416]",3018.4522250201553,0.5,0.6473333333333333,0.0,0.0,0.0,0.54,0.54,0.54,1.0,1.0,0.6309297535714575,0.7,0.72,0.6418430423562295,1.0,1.0,0.6309297535714575,0.81,0.82,0.6893155855982436
final_reranked,sqa-580f65fefad3cf3a,What is the primary function of a reranker in document search?,qdrant/qdrant_llms_full.txt,"[""a7ac6e05-1341-56fb-ad86-459a76c59eca""]","[""a7ac6e05-1341-56fb-ad86-459a76c59eca"",""886b78b8-1e7e-56a9-a016-cdf70ea7bdae"",""7d51e744-dbf6-52a2-a3fa-b2cfc50ea5b1"",""e3ab69bd-91e2-586a-9c95-eb54ee83e04d"",""6cf582db-9b08-586c-be46-a2691ccb40b0""]","[6.277076721191406,3.9951272010803223,3.8142006397247314,3.6541852951049805,3.3694183826446533]",3985.354419972282,1.0,0.6473333333333333,1.0,1.0,1.0,0.54,0.54,0.54,1.0,1.0,1.0,0.7,0.72,0.6418430423562295,1.0,1.0,1.0,0.81,0.82,0.6893155855982436
final_reranked,sqa-bd0d27f9ade799b8,Which methods can be used to serve static frontend applications in FastAPI?,fastapi/docs/tutorial/frontend.md,"[""88db2e09-9fe8-5b0d-a66f-b0a278fea3cf""]","[""88db2e09-9fe8-5b0d-a66f-b0a278fea3cf"",""601a1e58-27cf-5ccb-9126-342f71d7b6dd"",""f73fe22c-65c5-5717-8522-f1d569be1f79"",""72889e38-2815-500f-9b8c-2493ece89f47"",""5cbf76e0-dd89-52e6-8283-de8aa692fe4f""]","[6.522500038146973,5.062397003173828,4.502839088439941,4.465114593505859,3.953387498855591]",5202.231811999809,1.0,0.6473333333333333,1.0,1.0,1.0,0.54,0.54,0.54,1.0,1.0,1.0,0.7,0.72,0.6418430423562295,1.0,1.0,1.0,0.81,0.82,0.6893155855982436
final_reranked,sqa-4cb482f1f218af58,In what order does FastAPI evaluate incoming requests when serving static frontend files alongside API routes?,fastapi/docs/tutorial/frontend.md,"[""88db2e09-9fe8-5b0d-a66f-b0a278fea3cf""]","[""88db2e09-9fe8-5b0d-a66f-b0a278fea3cf"",""b3f31a87-8584-56d9-b75c-b208346c764b"",""5c7a028e-0bc3-55ac-bd3c-1d41cf083c9e"",""5cbf76e0-dd89-52e6-8283-de8aa692fe4f"",""8c82e07e-3a10-5c4c-bbe5-c0ef2d4ac55a""]","[1.9380543231964111,0.10322357714176178,-0.9225355982780457,-1.1271238327026367,-1.4272127151489258]",7310.469697986264,1.0,0.6473333333333333,1.0,1.0,1.0,0.54,0.54,0.54,1.0,1.0,1.0,0.7,0.72,0.6418430423562295,1.0,1.0,1.0,0.81,0.82,0.6893155855982436
final_reranked,sqa-0962a7db4ec6c78a,In which section of the MLflow Run details page can a user find and select the model folder to register?,mlflow/docs/docs/classic-ml/model-registry/workflow.mdx,"[""d729a823-3f12-52de-85e0-5c24b872cad4""]","[""dab53288-de1a-569e-9508-25434c829ffb"",""d729a823-3f12-52de-85e0-5c24b872cad4"",""823e8e92-95ff-517f-848b-d2cbc87e5a90"",""2d38b49d-d72e-5761-b3c6-bbf490bf51fd"",""5e839b4e-77df-53d3-8dd5-ad9ffc65b802""]","[8.652209281921387,8.635652542114258,7.0110039710998535,5.458465576171875,4.60304069519043]",3673.434515018016,0.5,0.6473333333333333,0.0,0.0,0.0,0.54,0.54,0.54,1.0,1.0,0.6309297535714575,0.7,0.72,0.6418430423562295,1.0,1.0,0.6309297535714575,0.81,0.82,0.6893155855982436
final_reranked,sqa-a8ee8614cd6dc87b,What options are available in the Model dropdown menu on the model registration form?,mlflow/docs/docs/classic-ml/model-registry/workflow.mdx,"[""d729a823-3f12-52de-85e0-5c24b872cad4""]","[""d729a823-3f12-52de-85e0-5c24b872cad4"",""dab53288-de1a-569e-9508-25434c829ffb"",""4816bc2e-ac37-5cc4-ad2b-897b09bdd7fa"",""d856b917-9c0c-5ec7-a683-5ae5e57d0859"",""114648d3-2fdd-57c6-97cb-99b391fb3cd8""]","[5.00809383392334,4.959110736846924,-1.2120447158813477,-1.9543206691741943,-2.4416608810424805]",3031.7207939806394,1.0,0.6473333333333333,1.0,1.0,1.0,0.54,0.54,0.54,1.0,1.0,1.0,0.7,0.72,0.6418430423562295,1.0,1.0,1.0,0.81,0.82,0.6893155855982436
final_reranked,sqa-7622236114712036,"What occurs when a user chooses the ""Create New Model"" option in the Model dropdown menu?",mlflow/docs/docs/classic-ml/model-registry/workflow.mdx,"[""d729a823-3f12-52de-85e0-5c24b872cad4""]","[""dab53288-de1a-569e-9508-25434c829ffb"",""d729a823-3f12-52de-85e0-5c24b872cad4"",""59cbb4a0-5dcd-5cf6-88ea-792f9f9aa14c"",""5a2e5ee7-d318-5a2f-818d-4cedceea350b"",""27656be0-0741-51fc-bc93-37e317d32b32""]","[4.207152366638184,3.8133902549743652,0.2930077314376831,-0.9714585542678833,-2.171283721923828]",4053.5838189534843,0.5,0.6473333333333333,0.0,0.0,0.0,0.54,0.54,0.54,1.0,1.0,0.6309297535714575,0.7,0.72,0.6418430423562295,1.0,1.0,0.6309297535714575,0.81,0.82,0.6893155855982436
final_reranked,sqa-6055940f3e30c975,Which parameter in a Qdrant query allows retrieving a vector using a point ID located in a different collection?,qdrant/qdrant_llms_full.txt,"[""d37849c9-2d35-550a-88af-f84edd4d3191""]","[""d37849c9-2d35-550a-88af-f84edd4d3191"",""6c206963-631b-5f66-93ab-13d329b5d33e"",""9a0bd9e7-4c4c-5c01-8b59-b7e3ba837c34"",""9c44343c-5b64-52ab-85a6-9bd76bacf844"",""0d11a14b-2d86-5f26-873e-c9b7afa61c15""]","[4.026841640472412,3.839960813522339,3.118987798690796,2.9686636924743652,2.8943417072296143]",3110.253518971149,1.0,0.6473333333333333,1.0,1.0,1.0,0.54,0.54,0.54,1.0,1.0,1.0,0.7,0.72,0.6418430423562295,1.0,1.0,1.0,0.81,0.82,0.6893155855982436
final_reranked,sqa-d20c9187fa7725e6,What two primary properties are required inside the lookup_from configuration when referencing a point in another collection?,qdrant/qdrant_llms_full.txt,"[""d37849c9-2d35-550a-88af-f84edd4d3191""]","[""7036baf4-9ce4-5cbb-bc29-a86da3352064"",""ce5f9f9b-8634-51c3-8e27-7b0967a3eea4"",""a467348d-83c8-5f22-a5dc-b747b55852b5"",""d37849c9-2d35-550a-88af-f84edd4d3191"",""87340082-0ccb-5fbe-88bf-3f18a09b0d5a""]","[-0.38889652490615845,-0.6997783184051514,-1.5998568534851074,-2.811962127685547,-3.1094579696655273]",4153.021281003021,0.25,0.6473333333333333,0.0,0.0,0.0,0.54,0.54,0.54,0.0,0.0,0.0,0.7,0.72,0.6418430423562295,1.0,1.0,0.43067655807339306,0.81,0.82,0.6893155855982436
final_reranked,sqa-8397e93659723d06,How can extra cookies be forbidden in a FastAPI cookie parameter model?,fastapi/docs/tutorial/cookie-param-models.md,"[""221aa309-cce0-5abb-bb6f-af8f90ff696a""]","[""fcabdafe-e84d-580b-a55e-f98f23c4802d"",""221aa309-cce0-5abb-bb6f-af8f90ff696a"",""0bc9232d-3b2c-5be7-9687-2e9cee497d79"",""2d2f4a0b-8116-5bba-a0e9-e07064f3460b"",""5eb7f761-c4a4-5652-925f-c29367c6c525""]","[7.04215145111084,4.883395671844482,3.829585552215576,3.423898696899414,2.827585458755493]",2883.383247011807,0.5,0.6473333333333333,0.0,0.0,0.0,0.54,0.54,0.54,1.0,1.0,0.6309297535714575,0.7,0.72,0.6418430423562295,1.0,1.0,0.6309297535714575,0.81,0.82,0.6893155855982436
final_reranked,sqa-a6c95a648b8cccd8,What is the main difference between the legacy permission model and the role-based permission model in MLflow?,mlflow/docs/docs/self-hosting/security/role-based-access-control.mdx,"[""7ae155a1-d81d-5b4c-b57e-97c0c2151add""]","[""7ae155a1-d81d-5b4c-b57e-97c0c2151add"",""f5c87c94-cae4-599a-b3e0-693356ce7611"",""4e6171cf-add8-5ffe-b5e4-e8a3925b3355"",""1e527474-b18f-5f11-904f-78728fbdb284"",""b9eb1ffb-0692-5452-acef-6e7e19a8ebcb""]","[5.1777849197387695,3.7302980422973633,3.4017233848571777,2.805121421813965,2.485502004623413]",3982.6932880096138,1.0,0.6473333333333333,1.0,1.0,1.0,0.54,0.54,0.54,1.0,1.0,1.0,0.7,0.72,0.6418430423562295,1.0,1.0,1.0,0.81,0.82,0.6893155855982436
final_reranked,sqa-9663384ed9b2a6ce,How does OpenAPI represent an output response field that is always present even if its value is null?,fastapi/docs/how-to/separate-openapi-schemas.md,"[""fa25335a-b76a-5d78-b9f0-0b6926cec666""]","[""fa25335a-b76a-5d78-b9f0-0b6926cec666"",""580289f2-16e0-55de-985e-e56614722357"",""70bcbcfa-4b4c-5a57-a844-3c78064e3806"",""2cef0c3c-87a8-577a-8444-55dfd88c3088"",""f1ea4c74-93ec-5219-b47e-e7d2f7786602""]","[6.6174798011779785,-0.2635248601436615,-0.31146103143692017,-1.1736031770706177,-1.8281443119049072]",3867.1743210288696,1.0,0.6473333333333333,1.0,1.0,1.0,0.54,0.54,0.54,1.0,1.0,1.0,0.7,0.72,0.6418430423562295,1.0,1.0,1.0,0.81,0.82,0.6893155855982436
final_reranked,gqa-001,"After saving a minimal FastAPI application as main.py, which command starts the development server, and where can I open the interactive API documentation?",fastapi/docs/tutorial/first-steps.md,"[""4f33db24-e09d-5dd8-a598-9ecbeaceaa67""]","[""4589425c-bf82-50be-9b71-6513760016f5"",""cc345476-03d1-5765-b010-8d3229eb5808"",""837ed0ac-d6c8-5616-b644-e3f7a2fe7992"",""44b5c896-a96b-52f2-8385-621bdf47dafd"",""85b999d6-c5aa-5fa6-b5d4-7348e42dc94a""]","[1.009155511856079,0.651439905166626,0.20066039264202118,-0.34200114011764526,-0.44372621178627014]",3090.146980015561,0.0,0.6473333333333333,0.0,0.0,0.0,0.54,0.54,0.54,0.0,0.0,0.0,0.7,0.72,0.6418430423562295,0.0,0.0,0.0,0.81,0.82,0.6893155855982436
final_reranked,gqa-004,"How do I declare a JSON request body in FastAPI, and what does FastAPI do with it?",fastapi/docs/tutorial/body.md,"[""4f9a351b-6185-5c66-8210-39e7f4f3bb6f"",""d8f18495-b006-5720-b6e6-3ea7ac1827ef"",""cb4cd8b6-6c0d-535e-ac26-f6b00cfe2335""]","[""e53fa547-44b7-5bf4-931b-28d80fb82729"",""92600bf2-1ae3-5e18-932b-8e59ce679331"",""2c53b7cd-2251-5310-b53d-7f9e40015e8b"",""c4cb1afc-6ac5-5604-afad-ec0787949717"",""945871a5-3449-5533-a20c-e5720405d9e9""]","[4.597496032714844,4.411242485046387,4.275008678436279,4.248631954193115,4.248438835144043]",8207.888817996718,0.0,0.6473333333333333,0.0,0.0,0.0,0.54,0.54,0.54,0.0,0.0,0.0,0.7,0.72,0.6418430423562295,0.0,0.0,0.0,0.81,0.82,0.6893155855982436
final_reranked,gqa-005,"How should a callable dependency be passed to FastAPI's Depends, and who invokes it?",fastapi/docs/tutorial/dependencies/index.md,"[""d4684ab1-2369-5f28-85aa-926a4f7c970c"",""c4810e0a-65d1-544a-b36e-e533034be460""]","[""cae7bc16-cee9-5807-a046-7782ece77c7b"",""94e3950d-3268-551d-ac49-5ecedc5f993b"",""d4684ab1-2369-5f28-85aa-926a4f7c970c"",""2555d494-5d63-52f1-a89a-c0b4ff730120"",""26a642ee-af1e-58e0-85c4-e380b5950a3e""]","[3.315722942352295,3.161088466644287,3.1374173164367676,2.897067070007324,2.8358187675476074]",4581.634200992994,0.3333333333333333,0.6473333333333333,0.0,0.0,0.0,0.54,0.54,0.54,0.5,1.0,0.3065735963827292,0.7,0.72,0.6418430423562295,0.5,1.0,0.3065735963827292,0.81,0.82,0.6893155855982436
final_reranked,gqa-007,"When should I use FastAPI BackgroundTasks, and when should I consider a tool such as Celery instead?",fastapi/docs/tutorial/background-tasks.md,"[""83d9bb57-5787-5922-87b7-bae750a3fb47""]","[""83d9bb57-5787-5922-87b7-bae750a3fb47"",""d2c665c1-8d80-5c6f-9cf1-dee1f21de3f0"",""3e0bdb5a-f932-5b91-8f42-ee35744f2c83"",""3202935f-df4e-5c5a-b951-aba971c8752f"",""8829b03f-82e1-5368-a811-d183955dd416""]","[3.759004592895508,-2.495553493499756,-2.815342664718628,-3.2069520950317383,-5.096654891967773]",5455.8670539991,1.0,0.6473333333333333,1.0,1.0,1.0,0.54,0.54,0.54,1.0,1.0,1.0,0.7,0.72,0.6418430423562295,1.0,1.0,1.0,0.81,0.82,0.6893155855982436
final_reranked,gqa-009,Can I use a wildcard CORS origin in FastAPI when requests include cookies or Authorization headers?,fastapi/docs/tutorial/cors.md,"[""b1f5d2b0-7b6f-5c8b-b25a-a876d1ebbebc"",""1f008dac-77da-5775-a672-e0f1622677eb""]","[""66b112ac-5335-587e-a9c9-0267505f096f"",""b1f5d2b0-7b6f-5c8b-b25a-a876d1ebbebc"",""1f008dac-77da-5775-a672-e0f1622677eb"",""7e589263-e909-5774-b305-5d79a1313d5c"",""13fa2407-519f-53a7-ba74-1b992f4599d8""]","[6.684633255004883,4.182520389556885,4.169356346130371,2.2761547565460205,1.383333444595337]",3881.2321499572136,0.5,0.6473333333333333,0.0,0.0,0.0,0.54,0.54,0.54,1.0,1.0,0.6934264036172708,0.7,0.72,0.6418430423562295,1.0,1.0,0.6934264036172708,0.81,0.82,0.6893155855982436
final_reranked,gqa-010,"Which MLflow calls does the tracking quickstart use to manually record hyperparameters, a scikit-learn model, an accuracy metric, and a descriptive tag?",mlflow/docs/docs/classic-ml/tracking/quickstart/index.mdx,"[""ea0f5abe-3107-544f-bc73-6571d519909a"",""aa5665cd-f430-5f1e-a49f-05d2953d9a95"",""161dd7b4-71e3-579c-a3ad-55e4717d2cdd"",""7c43bcf7-1f9b-548c-b5c6-30c714ed3005""]","[""38853941-8e33-5e53-9333-63a6b9b3940a"",""e0fbbec5-ed91-50f2-8b04-4882521629e2"",""13a70741-61ee-5de9-a399-81bb8a7b8be4"",""257f41f9-408e-5187-9f48-df6befdc2d6d"",""570fdb5e-6983-5624-9a2e-7f08a2923f89""]","[2.6612138748168945,1.9032819271087646,1.8462562561035156,1.007505178451538,0.6753222346305847]",2920.0293049798347,0.0,0.6473333333333333,0.0,0.0,0.0,0.54,0.54,0.54,0.0,0.0,0.0,0.7,0.72,0.6418430423562295,0.0,0.0,0.0,0.81,0.82,0.6893155855982436
final_reranked,gqa-011,What is the difference between MLflow's backend store and artifact store?,mlflow/docs/docs/classic-ml/tracking/index.mdx,"[""5fac0b1d-2abd-55b8-a0d8-39df149c5c49"",""8793a7a9-7a3c-5156-96bc-0865d968fe11""]","[""5ba03100-c1e8-5f78-b8e1-1bd3cbd35755"",""90fa4213-edeb-5605-9ae9-b2d3ea45221c"",""54dda765-f78d-5df9-9e3f-045307845385"",""9dfbc66d-0866-5cf0-a5bb-b055dfa8ae34"",""5c04becc-7cbc-5eae-9d46-0722a7bc91f4""]","[7.059687614440918,6.800487518310547,6.728384494781494,4.630964279174805,4.446780681610107]",4535.660949011799,0.0,0.6473333333333333,0.0,0.0,0.0,0.54,0.54,0.54,0.0,0.0,0.0,0.7,0.72,0.6418430423562295,0.0,0.0,0.0,0.81,0.82,0.6893155855982436
final_reranked,gqa-013,"How can I enable MLflow autologging only for PyTorch, or disable it for scikit-learn while keeping generic autologging enabled?",mlflow/docs/docs/classic-ml/tracking/autolog/index.mdx,"[""26ceff1b-d430-51c7-8e56-49dfdf9e593b"",""59eeabca-3375-5b9a-9180-71f0c38a8189""]","[""3cb6bae9-18d9-59e4-b690-032dc5c0ca09"",""faea17ff-d13a-5512-a42f-2be1d19ce065"",""59eeabca-3375-5b9a-9180-71f0c38a8189"",""26ceff1b-d430-51c7-8e56-49dfdf9e593b"",""2106633b-7286-57d0-a91b-4cb8fb071aac""]","[8.40712833404541,6.310812950134277,4.860477447509766,4.626351356506348,3.7942795753479004]",7114.1905229887925,0.3333333333333333,0.6473333333333333,0.0,0.0,0.0,0.54,0.54,0.54,0.5,1.0,0.3065735963827292,0.7,0.72,0.6418430423562295,1.0,1.0,0.5706417189553201,0.81,0.82,0.6893155855982436
final_reranked,gqa-014,"What is an MLflow model alias, and how can a champion alias change which model version production loads?",mlflow/docs/docs/classic-ml/model-registry/index.mdx,"[""b974d384-0c75-58cb-b297-7423ac691b99""]","[""0a4e89cd-a753-50a6-b928-97735046234f"",""faec7f14-4c46-5dfa-9184-f53a93cab9d9"",""8744f830-3fd0-563c-8d78-90f978c7c71d"",""233b77ce-0510-5394-96b0-543544f75dda"",""b974d384-0c75-58cb-b297-7423ac691b99""]","[7.06986141204834,6.949645519256592,6.525712966918945,6.1768879890441895,5.3960065841674805]",2845.73152998928,0.2,0.6473333333333333,0.0,0.0,0.0,0.54,0.54,0.54,0.0,0.0,0.0,0.7,0.72,0.6418430423562295,1.0,1.0,0.38685280723454163,0.81,0.82,0.6893155855982436
final_reranked,gqa-016,How do I create and log a pandas training dataset with MLflow while retaining its source and training context?,mlflow/docs/docs/classic-ml/dataset/index.mdx,"[""a8b07afa-f99c-53df-a53d-b09ae49fff4f"",""110eb9fe-7e39-55ce-8680-6536a229ea93"",""ac5318b3-539c-5717-bcd1-451aaeca98f8""]","[""8875c3e6-482b-51f8-a4cc-7fb195faade8"",""b7f76c17-e877-580b-9a55-ec43777d8682"",""a00902e2-2388-5efe-a5f4-bf7e4a0c7818"",""0646ab7f-96c9-5c5b-b3cb-a136cea95707"",""f0aaa046-3854-5d57-bf11-8b5c4e60f6cc""]","[5.71451473236084,4.236147880554199,4.099994659423828,3.968402147293091,3.84074068069458]",2599.0208609728143,0.0,0.6473333333333333,0.0,0.0,0.0,0.54,0.54,0.54,0.0,0.0,0.0,0.7,0.72,0.6418430423562295,0.0,0.0,0.0,0.81,0.82,0.6893155855982436
final_reranked,gqa-018,What dimensionality and distance-metric constraints apply to vectors in one Qdrant collection?,qdrant/qdrant_llms_full.txt,"[""bf9e0b10-1bd4-58d1-9333-01afe8f0e2f8""]","[""bf9e0b10-1bd4-58d1-9333-01afe8f0e2f8"",""d19b9831-2975-516e-90a0-26c148162906"",""85e5569b-74d2-5d84-96d4-003c8a8880f8"",""dde94859-ee8d-5910-b703-8495d9787b27"",""e53ea1b2-329e-5de3-97f1-b6f519f18728""]","[4.942194938659668,3.663665294647217,2.8418655395507812,2.5737037658691406,2.376704216003418]",3618.420557002537,1.0,0.6473333333333333,1.0,1.0,1.0,0.54,0.54,0.54,1.0,1.0,1.0,0.7,0.72,0.6418430423562295,1.0,1.0,1.0,0.81,0.82,0.6893155855982436
final_reranked,gqa-021,"When a Qdrant filter is applied to an array-valued payload field, when does the filter succeed?",qdrant/qdrant_llms_full.txt,"[""5de07134-aa95-52e2-9348-7ddf755b49ec""]","[""5de07134-aa95-52e2-9348-7ddf755b49ec"",""7e9e7236-ca01-5866-8733-4673a8333d42"",""a845588b-330a-5a0d-bb24-631291b375c8"",""b15bef80-bb66-5ee3-8b8c-b38a440f16b5"",""411f6fed-1a9c-5665-b00d-7394b430c0ca""]","[3.8548524379730225,1.9869096279144287,1.5551714897155762,1.4918649196624756,1.2063217163085938]",5024.713914026506,1.0,0.6473333333333333,1.0,1.0,1.0,0.54,0.54,0.54,1.0,1.0,1.0,0.7,0.72,0.6418430423562295,1.0,1.0,1.0,0.81,0.82,0.6893155855982436
final_reranked,gqa-023,What does Qdrant's prefetch parameter do in a hybrid or multi-stage Query API request?,qdrant/qdrant_llms_full.txt,"[""005035b2-c646-567f-9606-38891a29a23c""]","[""005035b2-c646-567f-9606-38891a29a23c"",""a2a1b209-5ecf-5097-b198-422944951735"",""59b5586c-fa4e-5188-9c73-2f09d28b3483"",""46b91cb9-c836-5d33-82b6-46155466114e"",""971d71f0-6066-5a60-91c4-7c55bf873a5f""]","[6.327249526977539,4.615772724151611,3.6872737407684326,3.5537362098693848,2.8029234409332275]",5470.272753038444,1.0,0.6473333333333333,1.0,1.0,1.0,0.54,0.54,0.54,1.0,1.0,1.0,0.7,0.72,0.6418430423562295,1.0,1.0,1.0,0.81,0.82,0.6893155855982436
final_reranked,gqa-024,How do Qdrant's RRF and DBSF fusion methods combine results from multiple queries?,qdrant/qdrant_llms_full.txt,"[""1e1ee784-4222-58b0-a79e-5b0cf331deb3""]","[""1e1ee784-4222-58b0-a79e-5b0cf331deb3"",""71b6b0b3-3659-5fd4-b602-ec3c04292d30"",""46b91cb9-c836-5d33-82b6-46155466114e"",""005035b2-c646-567f-9606-38891a29a23c"",""4a7ceba3-91cc-510e-b040-1770c8f11f67""]","[5.977540969848633,4.207233428955078,3.1088366508483887,2.7470874786376953,2.6394989490509033]",3828.661310952157,1.0,0.6473333333333333,1.0,1.0,1.0,0.54,0.54,0.54,1.0,1.0,1.0,0.7,0.72,0.6418430423562295,1.0,1.0,1.0,0.81,0.82,0.6893155855982436
final_reranked,gqa-025,"For Qdrant multitenancy, when is one payload-partitioned collection preferred over multiple collections?",qdrant/qdrant_llms_full.txt,"[""2218ce03-9b22-5ce9-8603-3b4414670adb""]","[""7c848a20-b02d-51cd-b834-757e34f6a586"",""2218ce03-9b22-5ce9-8603-3b4414670adb"",""8d1d853b-5160-5530-87a2-3ed4e87911e7"",""d3c88201-5116-5c6c-8480-79a32d28698b"",""b7b4eb49-a679-54f0-9dba-f5e0373251b5""]","[5.3397979736328125,5.295147895812988,5.060376167297363,4.565400123596191,4.100951194763184]",5385.880034998991,0.5,0.6473333333333333,0.0,0.0,0.0,0.54,0.54,0.54,1.0,1.0,0.6309297535714575,0.7,0.72,0.6418430423562295,1.0,1.0,0.6309297535714575,0.81,0.82,0.6893155855982436
