question_id,question,query_type,split,category,top_score,score_gap,route,reason_code,refused,correct
gqa-031,How do I create and apply a migration with the Django ORM?,unsupported,calibration,near_domain_technology,0.4572904,0.00018514999999996729,NO_ANSWER,top_score_below_no_answer_threshold,True,True
gqa-032,How should I configure namespaces and metadata filtering in Pinecone?,unsupported,calibration,near_domain_technology,0.48581672,0.014818319999999996,NO_ANSWER,top_score_below_no_answer_threshold,True,True
gqa-033,How do I define and launch a hyperparameter sweep in Weights & Biases?,unsupported,calibration,near_domain_technology,0.5302763,0.02283365000000004,NO_ANSWER,top_score_below_no_answer_threshold,True,True
gqa-034,Which Redis eviction policy should I choose for a write-heavy cache?,unsupported,calibration,near_domain_technology,0.44578928,0.012108920000000023,NO_ANSWER,top_score_below_no_answer_threshold,True,True
gqa-035,What are the recommended adult dosages and side effects of ibuprofen?,unsupported,calibration,high_stakes_out_of_scope,0.37081277,0.14504233000000002,NO_ANSWER,top_score_below_no_answer_threshold,True,True
day39-001,How do I configure blueprints and application factories in Flask?,unsupported,evaluation,near_domain_technology,0.50113547,0.015753210000000017,NO_ANSWER,top_score_below_no_answer_threshold,True,True
day39-002,How do I define schema and multi-tenancy in Weaviate?,unsupported,evaluation,near_domain_technology,0.5156742,0.039930969999999955,NO_ANSWER,top_score_below_no_answer_threshold,True,True
day39-003,How should I set partition keys and consistency in Apache Cassandra?,unsupported,evaluation,near_domain_technology,0.45859376,0.025141000000000024,NO_ANSWER,top_score_below_no_answer_threshold,True,True
day39-004,How do I configure Redux Toolkit state persistence in React?,unsupported,evaluation,near_domain_technology,0.3132227,0.01600050000000003,NO_ANSWER,top_score_below_no_answer_threshold,True,True
day39-005,What Terraform resources create a private AWS VPC with NAT gateways?,unsupported,evaluation,near_domain_technology,0.41723347,0.010373829999999973,NO_ANSWER,top_score_below_no_answer_threshold,True,True
day39-006,How do I configure Kafka consumer offsets and retention?,unsupported,evaluation,near_domain_technology,0.49200958,0.014377709999999988,NO_ANSWER,top_score_below_no_answer_threshold,True,True
day39-007,What acetaminophen dose is safe for a child with fever?,unsupported,evaluation,high_stakes_out_of_scope,0.2304779,0.020068800000000026,NO_ANSWER,top_score_below_no_answer_threshold,True,True
sqa-22853a3ab950cd44,What does FastAPI read from the request body when you declare a Python type?,supported,supported_evidence,supported,0.748176,0.0003641999999999257,CAREFUL,score_gap_below_careful_threshold,False,True
sqa-9214bfc1978670e0,What happens if the submitted data is invalid?,supported,supported_evidence,supported,0.4645424,0.10610260000000005,NO_ANSWER,top_score_below_no_answer_threshold,True,False
sqa-bd90c5a97e0740e5,What schemas are generated for your model and where can you use them?,supported,supported_evidence,supported,0.5727953,0.027608069999999985,STANDARD,standard_fallback,False,True
sqa-8111f18ad4679ac4,"Which nested field key is used in the HTTP, Python, TypeScript, Rust, and Java examples to specify the sightseeing condition?",supported,supported_evidence,supported,0.46337634,0.044438299999999986,NO_ANSWER,top_score_below_no_answer_threshold,True,False
sqa-e27ab4d10e8d4e5f,"In the Go client initialization, what host and port are configured?",supported,supported_evidence,supported,0.5769328,0.01777709999999999,STANDARD,standard_fallback,False,True
sqa-54a24f6e54a73e24,What HTTP endpoint is shown for scrolling points in a collection?,supported,supported_evidence,supported,0.59412396,0.07409356,STANDARD,standard_fallback,False,True
sqa-2312659ece1beeb0,Name two advantages of using UploadFile over bytes.,supported,supported_evidence,supported,0.5377034,0.024522970000000033,CAREFUL,top_score_below_careful_threshold,False,True
sqa-8f550fc0f0c97fdf,What happens to a file once its in-memory size limit is exceeded when using UploadFile?,supported,supported_evidence,supported,0.5636903,0.07563283999999998,STANDARD,standard_fallback,False,True
sqa-6de296cda91f5dc6,What kind of interface does UploadFile expose?,supported,supported_evidence,supported,0.5802899,0.03669524000000002,STANDARD,standard_fallback,False,True
sqa-220fbcfa80439038,What Python object does UploadFile expose that can be passed to libraries expecting a file-like object?,supported,supported_evidence,supported,0.71125466,0.038999960000000056,STANDARD,standard_fallback,False,True
sqa-7f4b9c901bcac8d2,What file format does MLflow use for saving models from a variety of tools?,supported,supported_evidence,supported,0.76627666,0.013218560000000101,STANDARD,standard_fallback,False,True
sqa-806e7d79beff73b8,Which MLflow flavor can log scikit-learn models as artifacts for serving?,supported,supported_evidence,supported,0.761984,0.06081546000000004,FAST,fast_conditions_satisfied,False,True
sqa-43e609692540e39f,What is the exact MLflow command to serve a model located at runs:/<RUN_ID>/model?,supported,supported_evidence,supported,0.81895375,0.0008796500000000096,CAREFUL,score_gap_below_careful_threshold,False,True
sqa-fe6afefa50c92384,What does an MLmodel file declare about each model to enable serving it as a Python function?,supported,supported_evidence,supported,0.68772745,0.019730350000000008,STANDARD,standard_fallback,False,True
sqa-ebcd24ac3da514b9,What HTTP method and path are used to observe the cluster state after synchronization?,supported,supported_evidence,supported,0.5179317,0.004642959999999974,NO_ANSWER,top_score_below_no_answer_threshold,True,False
sqa-100e77a31882d05f,What does the API return in the response when a browser creates a user with a password using the same input/output model in this example?,supported,supported_evidence,supported,0.5413469,0.025990499999999916,CAREFUL,top_score_below_careful_threshold,False,True
sqa-50e37593177ea153,What warning is given about handling a plain password in this section?,supported,supported_evidence,supported,0.46909943,0.0008868300000000051,NO_ANSWER,top_score_below_no_answer_threshold,True,False
sqa-dc321a1b57e8d142,Which library should be installed to use EmailStr according to the document?,supported,supported_evidence,supported,0.41744244,0.06173274000000001,NO_ANSWER,top_score_below_no_answer_threshold,True,False
sqa-9ec13a094bedbaf2,What is the data type of request_time?,supported,supported_evidence,supported,0.67349607,0.11536226999999999,STANDARD,standard_fallback,False,True
sqa-1333a2c4d6953cf4,What happens to the request_preview size and where is the full request stored?,supported,supported_evidence,supported,0.48694414,0.010857820000000018,NO_ANSWER,top_score_below_no_answer_threshold,True,False
sqa-7115fc46a1555f1a,What is one alternative to class-based decision making?,supported,supported_evidence,supported,0.3018593,0.00032039999999999846,NO_ANSWER,top_score_below_no_answer_threshold,True,False
sqa-7f32d3b5b1a89fbf,What intermediate representation is needed to implement similarity learning quickly?,supported,supported_evidence,supported,0.6495507,0.06757760000000002,CAREFUL,long_token_ratio_at_least_careful_threshold,False,True
sqa-c550d812bb5272e0,Which distance measures are given as examples for calculating similarity between embeddings?,supported,supported_evidence,supported,0.6597541,0.032309800000000055,CAREFUL,long_token_ratio_at_least_careful_threshold,False,True
sqa-c00b9f531d2e5586,"Which file contains the information required to restore the model environment using virtualenv, and what three things does it specify?",supported,supported_evidence,supported,0.64422697,0.14515459999999997,STANDARD,standard_fallback,False,True
sqa-5c5e20dbf84c3f0b,What operation is used to quantify the similarity between the query and document vectors?,supported,supported_evidence,supported,0.7576176,0.06887149999999997,STANDARD,standard_fallback,False,True
sqa-ade53f89f8629636,Which standards can be used to establish a secure authentication setup in FastAPI according to the tutorial recap?,supported,supported_evidence,supported,0.66909003,0.022113229999999984,STANDARD,standard_fallback,False,True
sqa-52abd01126658d4e,Which specific third-party packages are mentioned as easily usable with FastAPI for security handling?,supported,supported_evidence,supported,0.7491087,0.04985379999999995,CAREFUL,long_token_ratio_at_least_careful_threshold,False,True
sqa-9bbefdf430f9c31f,What mechanism is used to implement a fine-grained permission system in FastAPI?,supported,supported_evidence,supported,0.6665945,0.04264619999999997,STANDARD,standard_fallback,False,True
sqa-5c5e1373d68176f8,How does MLflow determine the input and output schema when logging a PythonModel that includes type hints?,supported,supported_evidence,supported,0.8521882,0.02994679999999994,CAREFUL,clause_marker_count_at_least_careful_threshold,False,True
sqa-4d1f9fc474b0154c,What occurs if an explicit signature parameter is provided when logging a PythonModel with type hints?,supported,supported_evidence,supported,0.7379672,0.028855900000000045,STANDARD,standard_fallback,False,True
sqa-ceaead1685abb224,Where must pydantic model type hints be defined to use pydantic objects as inputs for an MLflow PythonModel?,supported,supported_evidence,supported,0.8175288,0.0564167000000001,STANDARD,standard_fallback,False,True
sqa-673de786b69493ab,What initial methods can be used to retrieve a subset of documents before applying a reranker?,supported,supported_evidence,supported,0.65982956,0.0061099000000000014,CAREFUL,score_gap_below_careful_threshold,False,True
sqa-7d97ec3c52aa5853,What primary trade-off do rerankers make when evaluating document relevance?,supported,supported_evidence,supported,0.7351372,0.04397530000000005,CAREFUL,complexity_marker_count_at_least_careful_threshold,False,True
sqa-580f65fefad3cf3a,What is the primary function of a reranker in document search?,supported,supported_evidence,supported,0.7874368,0.07994177000000002,FAST,fast_conditions_satisfied,False,True
sqa-bd0d27f9ade799b8,Which methods can be used to serve static frontend applications in FastAPI?,supported,supported_evidence,supported,0.6438581,0.008377599999999985,CAREFUL,score_gap_below_careful_threshold,False,True
sqa-4cb482f1f218af58,In what order does FastAPI evaluate incoming requests when serving static frontend files alongside API routes?,supported,supported_evidence,supported,0.64728475,0.025833949999999994,CAREFUL,complexity_marker_count_at_least_careful_threshold,False,True
sqa-0962a7db4ec6c78a,In which section of the MLflow Run details page can a user find and select the model folder to register?,supported,supported_evidence,supported,0.7408745,0.008878399999999953,CAREFUL,score_gap_below_careful_threshold,False,True
sqa-a8ee8614cd6dc87b,What options are available in the Model dropdown menu on the model registration form?,supported,supported_evidence,supported,0.5263455,0.058203700000000025,NO_ANSWER,top_score_below_no_answer_threshold,True,False
sqa-7622236114712036,"What occurs when a user chooses the ""Create New Model"" option in the Model dropdown menu?",supported,supported_evidence,supported,0.54095685,0.0025141499999999928,CAREFUL,top_score_below_careful_threshold,False,True
sqa-6055940f3e30c975,Which parameter in a Qdrant query allows retrieving a vector using a point ID located in a different collection?,supported,supported_evidence,supported,0.7531009,0.056703599999999965,STANDARD,standard_fallback,False,True
sqa-d20c9187fa7725e6,What two primary properties are required inside the lookup_from configuration when referencing a point in another collection?,supported,supported_evidence,supported,0.51448697,0.027845269999999978,NO_ANSWER,top_score_below_no_answer_threshold,True,False
sqa-8397e93659723d06,How can extra cookies be forbidden in a FastAPI cookie parameter model?,supported,supported_evidence,supported,0.734375,0.026642900000000025,STANDARD,standard_fallback,False,True
sqa-a6c95a648b8cccd8,What is the main difference between the legacy permission model and the role-based permission model in MLflow?,supported,supported_evidence,supported,0.64857435,0.007071049999999968,CAREFUL,score_gap_below_careful_threshold,False,True
sqa-bd90972847373159,What trade-off occurs when opting for a lower number of vector chunks?,supported,supported_evidence,supported,0.6814282,0.08352710000000008,CAREFUL,complexity_marker_count_at_least_careful_threshold,False,True
sqa-9663384ed9b2a6ce,How does OpenAPI represent an output response field that is always present even if its value is null?,supported,supported_evidence,supported,0.684148,0.08464959999999999,STANDARD,standard_fallback,False,True
