strategy,question_id,question,router_reason_code,route,pipeline_config,refused,retrieved_chunk_ids,hit_at_5,reciprocal_rank,ndcg_at_5,latency_ms,cost_status,cost_amount_usd,input_tokens,output_tokens,total_tokens,token_source,pricing_source,price_table_id
always_fast,sqa-22853a3ab950cd44,What does FastAPI read from the request body when you declare a Python type?,,FAST,dense_baseline,False,"[""a777bdaf-3ec5-54df-988e-0ae68239000b"",""fb7d5f13-d820-570f-b1f8-2623cd70b88f""]",0.0,0.0,0.0,24009.478855005,estimated,3.21e-05,578,8,586,heuristic_estimate,model_cost_table,generation_model_costs@1.0.0
always_careful,sqa-22853a3ab950cd44,What does FastAPI read from the request body when you declare a Python type?,,CAREFUL,hybrid_rrf_cross_encoder,False,"[""13ef7f2b-1f00-5309-bd90-b6e3e44bfab2"",""155b2949-7971-596e-9884-bf9670585371"",""599b482a-07e9-5fe2-9dff-bd6b2266815f"",""e1fc917b-9df3-5c3f-9efe-3e64e59ea1f6"",""383f44b8-6656-5cac-83dd-8a080d8136ad""]",0.0,0.0,0.0,13710.58853098657,estimated,6.085000000000001e-05,1153,8,1161,heuristic_estimate,model_cost_table,generation_model_costs@1.0.0
routed,sqa-22853a3ab950cd44,What does FastAPI read from the request body when you declare a Python type?,score_gap_below_careful_threshold,CAREFUL,hybrid_rrf_cross_encoder,False,"[""13ef7f2b-1f00-5309-bd90-b6e3e44bfab2"",""155b2949-7971-596e-9884-bf9670585371"",""599b482a-07e9-5fe2-9dff-bd6b2266815f"",""e1fc917b-9df3-5c3f-9efe-3e64e59ea1f6"",""383f44b8-6656-5cac-83dd-8a080d8136ad""]",0.0,0.0,0.0,37720.06738599157,estimated,6.085000000000001e-05,1153,8,1161,heuristic_estimate,model_cost_table,generation_model_costs@1.0.0
always_fast,sqa-9214bfc1978670e0,What happens if the submitted data is invalid?,,FAST,dense_baseline,False,"[""546a9186-f12c-5e10-bd7d-c5a1bbbfb3f9"",""bf3840ad-9cfd-5379-9708-385d0a0fd4b4""]",0.0,0.0,0.0,97.71519299829379,estimated,1.46e-05,100,24,124,heuristic_estimate,model_cost_table,generation_model_costs@1.0.0
always_careful,sqa-9214bfc1978670e0,What happens if the submitted data is invalid?,,CAREFUL,hybrid_rrf_cross_encoder,False,"[""cb4cd8b6-6c0d-535e-ac26-f6b00cfe2335"",""1b9409ba-8c9b-58e3-8c60-5e7cef4b078d"",""740d8ee2-e19c-5d78-98c6-31f8dac39afc"",""62e130d4-4444-5ddc-976d-1f0df6a82670"",""560c96db-fdf3-584d-9c59-6d982afdd66e""]",1.0,1.0,1.0,3294.5018140017055,estimated,5.975000000000001e-05,1003,24,1027,heuristic_estimate,model_cost_table,generation_model_costs@1.0.0
routed,sqa-9214bfc1978670e0,What happens if the submitted data is invalid?,top_score_below_no_answer_threshold,NO_ANSWER,,True,[],0.0,0.0,0.0,97.71519299829379,zero_cost,0.0,0,0,0,not_applicable,not_applicable,
always_fast,sqa-bd90c5a97e0740e5,What schemas are generated for your model and where can you use them?,,FAST,dense_baseline,False,"[""8df8da26-e2fa-5b29-99d4-b5dae8103bac"",""d14691c9-067a-5272-a4c6-b915ea2ad12d""]",0.0,0.0,0.0,144.39301600214094,estimated,2.375e-05,259,27,286,heuristic_estimate,model_cost_table,generation_model_costs@1.0.0
always_careful,sqa-bd90c5a97e0740e5,What schemas are generated for your model and where can you use them?,,CAREFUL,hybrid_rrf_cross_encoder,False,"[""ee148e49-27f1-50bb-9cd4-1a3263497bc1"",""cb4cd8b6-6c0d-535e-ac26-f6b00cfe2335"",""7890a970-7397-54bd-9b74-1eb6382373b3"",""580289f2-16e0-55de-985e-e56614722357"",""f5e032f2-4362-5793-a19e-2eee4c5b523c""]",1.0,0.5,0.6309297535714575,3288.034280005377,estimated,7.984999999999999e-05,1381,27,1408,heuristic_estimate,model_cost_table,generation_model_costs@1.0.0
routed,sqa-bd90c5a97e0740e5,What schemas are generated for your model and where can you use them?,standard_fallback,STANDARD,dense_baseline,False,"[""8df8da26-e2fa-5b29-99d4-b5dae8103bac"",""d14691c9-067a-5272-a4c6-b915ea2ad12d"",""bc61dba4-a0d1-58e2-a46b-26e623d65fa6"",""23f71e8b-5e03-5953-adc4-861ed3d5bc12"",""aef1f0dd-d983-5081-80ea-49fdc787db37"",""eaf9e709-f0cb-55c9-b656-de6f47f19f86"",""b974d384-0c75-58cb-b297-7423ac691b99"",""5e6681ea-7f02-5200-be3a-2d49f66dc6c6"",""df909fca-3fb7-54ae-bca3-dbdaf286ac6b"",""a2cdbd99-142e-58ce-bd1f-467fae09ee28""]",0.0,0.0,0.0,288.7860320042819,estimated,8.925e-05,1569,27,1596,heuristic_estimate,model_cost_table,generation_model_costs@1.0.0
always_fast,sqa-8111f18ad4679ac4,"Which nested field key is used in the HTTP, Python, TypeScript, Rust, and Java examples to specify the sightseeing condition?",,FAST,dense_baseline,False,"[""0125f6dd-23cf-5f1a-9e64-c85049837518"",""6ba1e29f-9e70-57bc-8ada-65ef002bb98c""]",0.0,0.0,0.0,185.77379803173244,estimated,0.000103,2004,7,2011,heuristic_estimate,model_cost_table,generation_model_costs@1.0.0
always_careful,sqa-8111f18ad4679ac4,"Which nested field key is used in the HTTP, Python, TypeScript, Rust, and Java examples to specify the sightseeing condition?",,CAREFUL,hybrid_rrf_cross_encoder,False,"[""7e9e7236-ca01-5866-8733-4673a8333d42"",""7fa20fa6-bb3b-5f2a-833b-662137689ec1"",""19c1767f-1ff3-522b-8183-2c5b2a5523b2"",""ddc4a2f7-ceb0-5fb1-a906-f0521bc57255"",""c2a5b047-04d6-5e57-9e0b-584f785701cd""]",1.0,0.25,0.43067655807339306,6220.435358001851,estimated,0.00016385000000000003,3221,7,3228,heuristic_estimate,model_cost_table,generation_model_costs@1.0.0
routed,sqa-8111f18ad4679ac4,"Which nested field key is used in the HTTP, Python, TypeScript, Rust, and Java examples to specify the sightseeing condition?",top_score_below_no_answer_threshold,NO_ANSWER,,True,[],0.0,0.0,0.0,185.77379803173244,zero_cost,0.0,0,0,0,not_applicable,not_applicable,
always_fast,sqa-e27ab4d10e8d4e5f,"In the Go client initialization, what host and port are configured?",,FAST,dense_baseline,False,"[""e7dded3e-c071-50b1-b3d9-ef34c8c3af9d"",""757f5ceb-4f2c-5fdf-b3a6-c352241766b2""]",0.0,0.0,0.0,99.76919100154191,estimated,9.9e-06,142,7,149,heuristic_estimate,model_cost_table,generation_model_costs@1.0.0
always_careful,sqa-e27ab4d10e8d4e5f,"In the Go client initialization, what host and port are configured?",,CAREFUL,hybrid_rrf_cross_encoder,False,"[""c84dd39b-5f58-5707-a526-97c5e6f7e978"",""535f0d59-bf72-544b-b3f4-13ead96fa740"",""fc659af8-0bac-5182-8be1-2ca7892ccbd5"",""3493af72-a145-542f-9ef1-3270c4e20878"",""db5f44fb-2e4b-5cd8-a4c6-b39fe4c9df80""]",0.0,0.0,0.0,7826.69616502244,estimated,6.720000000000001e-05,1288,7,1295,heuristic_estimate,model_cost_table,generation_model_costs@1.0.0
routed,sqa-e27ab4d10e8d4e5f,"In the Go client initialization, what host and port are configured?",standard_fallback,STANDARD,dense_baseline,False,"[""e7dded3e-c071-50b1-b3d9-ef34c8c3af9d"",""757f5ceb-4f2c-5fdf-b3a6-c352241766b2"",""f4019142-991e-5d1d-9ec6-f14f7346673a"",""85fe5bba-3a23-54ab-8b22-8c547f3dde71"",""2d453ba8-e855-51ab-9ce3-f26a6ce69944"",""8ed49aa0-4b8d-51f3-ac14-fbe57e67fa54"",""d0311a50-751b-55e0-98fd-9f8a205aea03"",""f01bb5bb-0518-5415-a630-6fa06fe896d4"",""82592107-24c0-5227-941b-122c09eec225"",""139545dc-0181-5dd9-9af9-8b22fa0dc7cc""]",0.0,0.0,0.0,199.53838200308383,estimated,2.0200000000000003e-05,348,7,355,heuristic_estimate,model_cost_table,generation_model_costs@1.0.0
always_fast,sqa-54a24f6e54a73e24,What HTTP endpoint is shown for scrolling points in a collection?,,FAST,dense_baseline,False,"[""fb14cabd-52d6-5ae8-8716-c706c5ca2353"",""c75ad278-dcc7-5344-adab-561ad7332a2e""]",0.0,0.0,0.0,811.6865039919503,estimated,5.2650000000000006e-05,949,13,962,heuristic_estimate,model_cost_table,generation_model_costs@1.0.0
always_careful,sqa-54a24f6e54a73e24,What HTTP endpoint is shown for scrolling points in a collection?,,CAREFUL,hybrid_rrf_cross_encoder,False,"[""5555f152-9a93-5f65-8d49-d74c1ba2fb08"",""c75ad278-dcc7-5344-adab-561ad7332a2e"",""8c9b1887-ef96-5c34-b8bd-7e6d0b12e98c"",""7ff8bf2b-05ff-5b50-9404-6a8a27b38124"",""b74aea2b-2c48-5227-9472-d3b645d83e7e""]",0.0,0.0,0.0,3324.9588949838653,estimated,0.00016465000000000002,3189,13,3202,heuristic_estimate,model_cost_table,generation_model_costs@1.0.0
routed,sqa-54a24f6e54a73e24,What HTTP endpoint is shown for scrolling points in a collection?,standard_fallback,STANDARD,dense_baseline,False,"[""fb14cabd-52d6-5ae8-8716-c706c5ca2353"",""c75ad278-dcc7-5344-adab-561ad7332a2e"",""f311edcf-015a-5178-b7ab-db7145c2ff50"",""5555f152-9a93-5f65-8d49-d74c1ba2fb08"",""685dfd31-2025-59a5-a5ed-4e77fe3ad7c0"",""b74aea2b-2c48-5227-9472-d3b645d83e7e"",""7ff8bf2b-05ff-5b50-9404-6a8a27b38124"",""e7255cb9-68bf-55f7-9a29-6a382ccde5a4"",""ee27ae87-f659-5bc6-bc1b-dc9ce76a95ed"",""0b1e0612-7c7b-59ae-9e4c-d6cd011ace31""]",0.0,0.0,0.0,1623.3730079839006,estimated,0.0001659,3214,13,3227,heuristic_estimate,model_cost_table,generation_model_costs@1.0.0
always_fast,sqa-2312659ece1beeb0,Name two advantages of using UploadFile over bytes.,,FAST,dense_baseline,False,"[""13b7773d-2090-5219-8877-ba7558da57ac"",""6bdeef3c-0776-5f50-bfef-c3d1c305c610""]",1.0,1.0,1.0,691.8991400161758,estimated,5.335e-05,779,36,815,heuristic_estimate,model_cost_table,generation_model_costs@1.0.0
always_careful,sqa-2312659ece1beeb0,Name two advantages of using UploadFile over bytes.,,CAREFUL,hybrid_rrf_cross_encoder,False,"[""13b7773d-2090-5219-8877-ba7558da57ac"",""4b8a61d0-9727-5b59-8752-8394e1b5fa19"",""fed849b2-9c59-5da7-be70-e8e4df8c046f"",""6bdeef3c-0776-5f50-bfef-c3d1c305c610"",""122cea44-99a6-5c21-8b59-8958588d48dd""]",1.0,1.0,1.0,5296.468307031319,estimated,7.16e-05,1144,36,1180,heuristic_estimate,model_cost_table,generation_model_costs@1.0.0
routed,sqa-2312659ece1beeb0,Name two advantages of using UploadFile over bytes.,top_score_below_careful_threshold,CAREFUL,hybrid_rrf_cross_encoder,False,"[""13b7773d-2090-5219-8877-ba7558da57ac"",""4b8a61d0-9727-5b59-8752-8394e1b5fa19"",""fed849b2-9c59-5da7-be70-e8e4df8c046f"",""6bdeef3c-0776-5f50-bfef-c3d1c305c610"",""122cea44-99a6-5c21-8b59-8958588d48dd""]",1.0,1.0,1.0,5988.367447047494,estimated,7.16e-05,1144,36,1180,heuristic_estimate,model_cost_table,generation_model_costs@1.0.0
always_fast,sqa-8f550fc0f0c97fdf,What happens to a file once its in-memory size limit is exceeded when using UploadFile?,,FAST,dense_baseline,False,"[""13b7773d-2090-5219-8877-ba7558da57ac"",""694f4dbe-82fb-5c5b-879a-f0a021962ee2""]",1.0,1.0,1.0,186.85138801811263,estimated,2.24e-05,400,6,406,heuristic_estimate,model_cost_table,generation_model_costs@1.0.0
always_careful,sqa-8f550fc0f0c97fdf,What happens to a file once its in-memory size limit is exceeded when using UploadFile?,,CAREFUL,hybrid_rrf_cross_encoder,False,"[""13b7773d-2090-5219-8877-ba7558da57ac"",""4ad555fc-b3cb-515c-af11-bdfe8aee7389"",""6bdeef3c-0776-5f50-bfef-c3d1c305c610"",""694f4dbe-82fb-5c5b-879a-f0a021962ee2"",""b1985c60-7321-5f01-8ae0-560bb8b9b88d""]",1.0,1.0,1.0,5071.101358043961,estimated,6.515000000000001e-05,1255,6,1261,heuristic_estimate,model_cost_table,generation_model_costs@1.0.0
routed,sqa-8f550fc0f0c97fdf,What happens to a file once its in-memory size limit is exceeded when using UploadFile?,standard_fallback,STANDARD,dense_baseline,False,"[""13b7773d-2090-5219-8877-ba7558da57ac"",""694f4dbe-82fb-5c5b-879a-f0a021962ee2"",""6e7281c9-df57-58c6-9348-4975c8166b64"",""60e51f9d-987d-59f7-9030-6c3c1eca7fa3"",""64a5efd5-f239-52f7-8f45-3499bb80353b"",""c331df7d-496a-579f-8ab3-3341624a50b5"",""185355c1-193b-5f69-aa76-5b40b18708ed"",""6bdeef3c-0776-5f50-bfef-c3d1c305c610"",""3116313a-8dec-515e-aa1d-a35bd1565231"",""1374329c-061f-5b73-9972-f34d8a803983""]",1.0,1.0,1.0,373.70277603622526,estimated,8.245000000000001e-05,1601,6,1607,heuristic_estimate,model_cost_table,generation_model_costs@1.0.0
always_fast,sqa-6de296cda91f5dc6,What kind of interface does UploadFile expose?,,FAST,dense_baseline,False,"[""122cea44-99a6-5c21-8b59-8958588d48dd"",""b1985c60-7321-5f01-8ae0-560bb8b9b88d""]",0.0,0.0,0.0,289.66234100516886,estimated,1.85e-05,314,7,321,heuristic_estimate,model_cost_table,generation_model_costs@1.0.0
always_careful,sqa-6de296cda91f5dc6,What kind of interface does UploadFile expose?,,CAREFUL,hybrid_rrf_cross_encoder,False,"[""122cea44-99a6-5c21-8b59-8958588d48dd"",""13b7773d-2090-5219-8877-ba7558da57ac"",""6bdeef3c-0776-5f50-bfef-c3d1c305c610"",""b1985c60-7321-5f01-8ae0-560bb8b9b88d"",""f7b110c9-1027-52d4-b3bd-ed20f8b76190""]",1.0,0.5,0.6309297535714575,3678.107264044229,estimated,6.025e-05,1149,7,1156,heuristic_estimate,model_cost_table,generation_model_costs@1.0.0
routed,sqa-6de296cda91f5dc6,What kind of interface does UploadFile expose?,standard_fallback,STANDARD,dense_baseline,False,"[""122cea44-99a6-5c21-8b59-8958588d48dd"",""b1985c60-7321-5f01-8ae0-560bb8b9b88d"",""f7b110c9-1027-52d4-b3bd-ed20f8b76190"",""6bdeef3c-0776-5f50-bfef-c3d1c305c610"",""13b7773d-2090-5219-8877-ba7558da57ac"",""c331df7d-496a-579f-8ab3-3341624a50b5"",""3116313a-8dec-515e-aa1d-a35bd1565231"",""7b419b4f-645d-5b87-a578-09054289e054"",""fed849b2-9c59-5da7-be70-e8e4df8c046f"",""cca8ddb1-43ef-55c7-baac-f22c6c0a9bc8""]",1.0,0.2,0.38685280723454163,579.3246820103377,estimated,8.635000000000001e-05,1671,7,1678,heuristic_estimate,model_cost_table,generation_model_costs@1.0.0
always_fast,sqa-220fbcfa80439038,What Python object does UploadFile expose that can be passed to libraries expecting a file-like object?,,FAST,dense_baseline,False,"[""6bdeef3c-0776-5f50-bfef-c3d1c305c610"",""13b7773d-2090-5219-8877-ba7558da57ac""]",1.0,0.5,0.6309297535714575,102.26353898178786,estimated,4.16e-05,792,5,797,heuristic_estimate,model_cost_table,generation_model_costs@1.0.0
always_careful,sqa-220fbcfa80439038,What Python object does UploadFile expose that can be passed to libraries expecting a file-like object?,,CAREFUL,hybrid_rrf_cross_encoder,False,"[""13b7773d-2090-5219-8877-ba7558da57ac"",""6bdeef3c-0776-5f50-bfef-c3d1c305c610"",""f7b110c9-1027-52d4-b3bd-ed20f8b76190"",""b1985c60-7321-5f01-8ae0-560bb8b9b88d"",""122cea44-99a6-5c21-8b59-8958588d48dd""]",1.0,1.0,1.0,5054.87092002295,estimated,6.0150000000000005e-05,1163,5,1168,heuristic_estimate,model_cost_table,generation_model_costs@1.0.0
routed,sqa-220fbcfa80439038,What Python object does UploadFile expose that can be passed to libraries expecting a file-like object?,standard_fallback,STANDARD,dense_baseline,False,"[""6bdeef3c-0776-5f50-bfef-c3d1c305c610"",""13b7773d-2090-5219-8877-ba7558da57ac"",""f7b110c9-1027-52d4-b3bd-ed20f8b76190"",""b1985c60-7321-5f01-8ae0-560bb8b9b88d"",""35f02885-8e6d-52ac-ae02-b80360ca5c1c"",""21ba402e-cc64-55db-842d-f1cdfc288266"",""3116313a-8dec-515e-aa1d-a35bd1565231"",""122cea44-99a6-5c21-8b59-8958588d48dd"",""4329bc47-0e06-5e42-a19e-4176d790fcae"",""4b8a61d0-9727-5b59-8752-8394e1b5fa19""]",1.0,0.5,0.6309297535714575,204.52707796357572,estimated,0.000101,1980,5,1985,heuristic_estimate,model_cost_table,generation_model_costs@1.0.0
always_fast,sqa-7f4b9c901bcac8d2,What file format does MLflow use for saving models from a variety of tools?,,FAST,dense_baseline,False,"[""bfd25439-477b-51c7-a2a0-cc786bf90af2"",""340a7a12-017b-5c84-9e42-26cdfb3c730b""]",0.0,0.0,0.0,110.96269602421671,estimated,2.8250000000000002e-05,533,4,537,heuristic_estimate,model_cost_table,generation_model_costs@1.0.0
always_careful,sqa-7f4b9c901bcac8d2,What file format does MLflow use for saving models from a variety of tools?,,CAREFUL,hybrid_rrf_cross_encoder,False,"[""c62d01b9-14fc-5f93-aa8e-540cd36c9b37"",""bfd25439-477b-51c7-a2a0-cc786bf90af2"",""e8fbb621-b6b5-514d-afa7-86dad192161d"",""05701a59-154f-5880-8ad6-03c5b868a610"",""340a7a12-017b-5c84-9e42-26cdfb3c730b""]",1.0,1.0,1.0,5579.162125010043,estimated,8.235e-05,1615,4,1619,heuristic_estimate,model_cost_table,generation_model_costs@1.0.0
routed,sqa-7f4b9c901bcac8d2,What file format does MLflow use for saving models from a variety of tools?,standard_fallback,STANDARD,dense_baseline,False,"[""bfd25439-477b-51c7-a2a0-cc786bf90af2"",""340a7a12-017b-5c84-9e42-26cdfb3c730b"",""c582f4da-9e4e-5225-8bba-2093d7a92012"",""6cd7d628-b9df-5ae4-9a13-4750b6722af7"",""1c11fb41-d8e9-54c4-a6a8-7ee81559ae91"",""8793a7a9-7a3c-5156-96bc-0865d968fe11"",""6d5e0afd-78b5-5242-bb94-c944cb587d09"",""1617d361-2e2a-5103-a892-4798656621ca"",""c62d01b9-14fc-5f93-aa8e-540cd36c9b37"",""8c1e4db1-8427-5d14-ba4a-0b472044d54c""]",0.0,0.1111111111111111,0.0,221.92539204843342,estimated,9.84e-05,1936,4,1940,heuristic_estimate,model_cost_table,generation_model_costs@1.0.0
always_fast,sqa-806e7d79beff73b8,Which MLflow flavor can log scikit-learn models as artifacts for serving?,,FAST,dense_baseline,False,"[""c62d01b9-14fc-5f93-aa8e-540cd36c9b37"",""8166cf8d-fb26-5b10-adf7-87a2e0e7425b""]",1.0,1.0,1.0,136.19701901916414,estimated,2.9950000000000003e-05,551,6,557,heuristic_estimate,model_cost_table,generation_model_costs@1.0.0
always_careful,sqa-806e7d79beff73b8,Which MLflow flavor can log scikit-learn models as artifacts for serving?,,CAREFUL,hybrid_rrf_cross_encoder,False,"[""c62d01b9-14fc-5f93-aa8e-540cd36c9b37"",""b99ec21b-03fa-5b59-b38f-a660312b281b"",""0059cb42-7790-5a9a-a5e5-bc3f0d2acbf6"",""d9abccc5-476d-55da-8563-74e8bd06d59a"",""8793a7a9-7a3c-5156-96bc-0865d968fe11""]",1.0,1.0,1.0,4427.259930991568,estimated,7.750000000000001e-05,1502,6,1508,heuristic_estimate,model_cost_table,generation_model_costs@1.0.0
routed,sqa-806e7d79beff73b8,Which MLflow flavor can log scikit-learn models as artifacts for serving?,fast_conditions_satisfied,FAST,dense_baseline,False,"[""c62d01b9-14fc-5f93-aa8e-540cd36c9b37"",""8166cf8d-fb26-5b10-adf7-87a2e0e7425b""]",1.0,1.0,1.0,136.19701901916414,estimated,2.9950000000000003e-05,551,6,557,heuristic_estimate,model_cost_table,generation_model_costs@1.0.0
always_fast,sqa-43e609692540e39f,What is the exact MLflow command to serve a model located at runs:/<RUN_ID>/model?,,FAST,dense_baseline,False,"[""f1ed4936-e9ee-5997-8b19-7bf8b8311aca"",""9897a50e-a1a2-541d-9908-de62157f571c""]",0.0,0.0,0.0,159.39932700712234,estimated,1.45e-05,162,16,178,heuristic_estimate,model_cost_table,generation_model_costs@1.0.0
always_careful,sqa-43e609692540e39f,What is the exact MLflow command to serve a model located at runs:/<RUN_ID>/model?,,CAREFUL,hybrid_rrf_cross_encoder,False,"[""218b080d-67c5-5a10-b251-e9367028cdc9"",""3e359e76-43f1-5f9d-bf88-29f5d9079fba"",""4816bc2e-ac37-5cc4-ad2b-897b09bdd7fa"",""c62d01b9-14fc-5f93-aa8e-540cd36c9b37"",""758e32db-c55b-5f14-bef6-a205b10c9b64""]",1.0,0.25,0.43067655807339306,6243.334668048192,estimated,7.97e-05,1466,16,1482,heuristic_estimate,model_cost_table,generation_model_costs@1.0.0
routed,sqa-43e609692540e39f,What is the exact MLflow command to serve a model located at runs:/<RUN_ID>/model?,score_gap_below_careful_threshold,CAREFUL,hybrid_rrf_cross_encoder,False,"[""218b080d-67c5-5a10-b251-e9367028cdc9"",""3e359e76-43f1-5f9d-bf88-29f5d9079fba"",""4816bc2e-ac37-5cc4-ad2b-897b09bdd7fa"",""c62d01b9-14fc-5f93-aa8e-540cd36c9b37"",""758e32db-c55b-5f14-bef6-a205b10c9b64""]",1.0,0.25,0.43067655807339306,6402.733995055314,estimated,7.97e-05,1466,16,1482,heuristic_estimate,model_cost_table,generation_model_costs@1.0.0
always_fast,sqa-fe6afefa50c92384,What does an MLmodel file declare about each model to enable serving it as a Python function?,,FAST,dense_baseline,False,"[""ce08fa6e-2a0d-5941-a768-721f1d318900"",""05701a59-154f-5880-8ad6-03c5b868a610""]",0.0,0.0,0.0,162.22102200845256,estimated,3.345e-05,549,15,564,heuristic_estimate,model_cost_table,generation_model_costs@1.0.0
always_careful,sqa-fe6afefa50c92384,What does an MLmodel file declare about each model to enable serving it as a Python function?,,CAREFUL,hybrid_rrf_cross_encoder,False,"[""c62d01b9-14fc-5f93-aa8e-540cd36c9b37"",""ce08fa6e-2a0d-5941-a768-721f1d318900"",""05701a59-154f-5880-8ad6-03c5b868a610"",""ecf09611-c5f3-557e-8e79-fea8f479b1f6"",""dbe09aa4-6925-52d2-a65f-abac53855a8a""]",1.0,1.0,1.0,7951.059313956648,estimated,7.435e-05,1367,15,1382,heuristic_estimate,model_cost_table,generation_model_costs@1.0.0
routed,sqa-fe6afefa50c92384,What does an MLmodel file declare about each model to enable serving it as a Python function?,standard_fallback,STANDARD,dense_baseline,False,"[""ce08fa6e-2a0d-5941-a768-721f1d318900"",""05701a59-154f-5880-8ad6-03c5b868a610"",""8ff9af87-39b6-53d6-88e1-f4662041fb92"",""ecf09611-c5f3-557e-8e79-fea8f479b1f6"",""f315f40c-0681-5c16-85e5-be7bccbc587b"",""12609df4-0eb5-5aa2-bab6-738c76027aca"",""670821d3-845a-54ee-9581-9d3395d96255"",""9b8cce66-ff93-53cf-8de8-1d18f9c90e7f"",""d5ef410f-88f0-55aa-90f9-1cc5e7d5b414"",""3d43d5c9-a8b1-5423-8d15-81085af21efd""]",0.0,0.0,0.0,324.44204401690513,estimated,0.00010475,1975,15,1990,heuristic_estimate,model_cost_table,generation_model_costs@1.0.0
always_fast,sqa-ebcd24ac3da514b9,What HTTP method and path are used to observe the cluster state after synchronization?,,FAST,dense_baseline,False,"[""e26f0a8a-b633-5e94-8c32-e9fd949cfd77"",""bef2b7a6-d93c-557c-8e6d-1201d490d06a""]",0.0,0.0,0.0,116.76629801513627,estimated,2.85e-05,546,3,549,heuristic_estimate,model_cost_table,generation_model_costs@1.0.0
always_careful,sqa-ebcd24ac3da514b9,What HTTP method and path are used to observe the cluster state after synchronization?,,CAREFUL,hybrid_rrf_cross_encoder,False,"[""6dc03388-cb65-5ba4-bc45-947108709ffc"",""b8c22f35-8b2f-5ca5-b8d6-7de53306d380"",""efb4fbec-351e-52c2-a1cd-d2ac5a4ae693"",""bef2b7a6-d93c-557c-8e6d-1201d490d06a"",""0a460019-81a0-54e5-89ff-a771a8284926""]",1.0,1.0,1.0,4380.056669993792,estimated,0.00012130000000000001,2402,3,2405,heuristic_estimate,model_cost_table,generation_model_costs@1.0.0
routed,sqa-ebcd24ac3da514b9,What HTTP method and path are used to observe the cluster state after synchronization?,top_score_below_no_answer_threshold,NO_ANSWER,,True,[],0.0,0.0,0.0,116.76629801513627,zero_cost,0.0,0,0,0,not_applicable,not_applicable,
always_fast,sqa-100e77a31882d05f,What does the API return in the response when a browser creates a user with a password using the same input/output model in this example?,,FAST,dense_baseline,False,"[""bc300f0a-cb5d-5071-9712-49e0c956737a"",""c062c6b6-3c27-5f83-b5e0-444927a6d261""]",0.0,0.0,0.0,178.13954001758248,estimated,3.475e-05,623,9,632,heuristic_estimate,model_cost_table,generation_model_costs@1.0.0
always_careful,sqa-100e77a31882d05f,What does the API return in the response when a browser creates a user with a password using the same input/output model in this example?,,CAREFUL,hybrid_rrf_cross_encoder,False,"[""60e1a507-5db2-5497-b074-bfa41ae03129"",""c062c6b6-3c27-5f83-b5e0-444927a6d261"",""648600e6-79c5-5e94-8079-c8d2c57c0cd9"",""c20af783-e8a4-572f-a88c-16f59674cd23"",""560c96db-fdf3-584d-9c59-6d982afdd66e""]",1.0,1.0,1.0,3986.414917977527,estimated,6.654999999999999e-05,1259,9,1268,heuristic_estimate,model_cost_table,generation_model_costs@1.0.0
routed,sqa-100e77a31882d05f,What does the API return in the response when a browser creates a user with a password using the same input/output model in this example?,top_score_below_careful_threshold,CAREFUL,hybrid_rrf_cross_encoder,False,"[""60e1a507-5db2-5497-b074-bfa41ae03129"",""c062c6b6-3c27-5f83-b5e0-444927a6d261"",""648600e6-79c5-5e94-8079-c8d2c57c0cd9"",""c20af783-e8a4-572f-a88c-16f59674cd23"",""560c96db-fdf3-584d-9c59-6d982afdd66e""]",1.0,1.0,1.0,4164.554457995109,estimated,6.654999999999999e-05,1259,9,1268,heuristic_estimate,model_cost_table,generation_model_costs@1.0.0
always_fast,sqa-50e37593177ea153,What warning is given about handling a plain password in this section?,,FAST,dense_baseline,False,"[""1f2b0f81-b977-5ffc-beab-61140d98623d"",""1a436be5-24d1-594a-812e-bde13f7fdee0""]",0.0,0.0,0.0,44.4153169519268,estimated,2.005e-05,265,17,282,heuristic_estimate,model_cost_table,generation_model_costs@1.0.0
always_careful,sqa-50e37593177ea153,What warning is given about handling a plain password in this section?,,CAREFUL,hybrid_rrf_cross_encoder,False,"[""60e1a507-5db2-5497-b074-bfa41ae03129"",""90a5c7da-34e6-5f22-af60-535d6fed6ccd"",""1f2b0f81-b977-5ffc-beab-61140d98623d"",""bc300f0a-cb5d-5071-9712-49e0c956737a"",""c20af783-e8a4-572f-a88c-16f59674cd23""]",1.0,1.0,1.0,3382.767585979309,estimated,6.410000000000001e-05,1146,17,1163,heuristic_estimate,model_cost_table,generation_model_costs@1.0.0
routed,sqa-50e37593177ea153,What warning is given about handling a plain password in this section?,top_score_below_no_answer_threshold,NO_ANSWER,,True,[],0.0,0.0,0.0,44.4153169519268,zero_cost,0.0,0,0,0,not_applicable,not_applicable,
always_fast,sqa-dc321a1b57e8d142,Which library should be installed to use EmailStr according to the document?,,FAST,dense_baseline,False,"[""81f01c9c-d0f1-5e7f-81cc-7ab4c9c203b7"",""4423dca6-66fc-5c79-a516-8a809211c65b""]",0.0,0.0,0.0,48.356071987655014,estimated,8.700000000000001e-06,142,4,146,heuristic_estimate,model_cost_table,generation_model_costs@1.0.0
always_careful,sqa-dc321a1b57e8d142,Which library should be installed to use EmailStr according to the document?,,CAREFUL,hybrid_rrf_cross_encoder,False,"[""aa88d99d-2651-5e89-8477-f66ab5f1cc0f"",""9bc5574e-d73b-5a52-a334-3485211b1b9b"",""81f01c9c-d0f1-5e7f-81cc-7ab4c9c203b7"",""53f5dcfc-6f4c-55fe-87bf-c5731e14d18e"",""faea17ff-d13a-5512-a42f-2be1d19ce065""]",0.0,0.0,0.0,3970.767613966018,estimated,5.36e-05,1040,4,1044,heuristic_estimate,model_cost_table,generation_model_costs@1.0.0
routed,sqa-dc321a1b57e8d142,Which library should be installed to use EmailStr according to the document?,top_score_below_no_answer_threshold,NO_ANSWER,,True,[],0.0,0.0,0.0,48.356071987655014,zero_cost,0.0,0,0,0,not_applicable,not_applicable,
always_fast,sqa-9ec13a094bedbaf2,What is the data type of request_time?,,FAST,dense_baseline,False,"[""f7763ffa-5b3e-5caa-924a-adcc58759810"",""10228680-b705-5930-91a8-29a1c88505af""]",0.0,0.0,0.0,121.67405604850501,estimated,3.1950000000000004e-05,583,7,590,heuristic_estimate,model_cost_table,generation_model_costs@1.0.0
always_careful,sqa-9ec13a094bedbaf2,What is the data type of request_time?,,CAREFUL,hybrid_rrf_cross_encoder,False,"[""f7763ffa-5b3e-5caa-924a-adcc58759810"",""10228680-b705-5930-91a8-29a1c88505af"",""b523aca4-673c-5bf6-94fb-703f2af4bc53"",""86cedc3b-13e3-5f8d-8797-280cb4a6b4f6"",""cb4cd8b6-6c0d-535e-ac26-f6b00cfe2335""]",0.0,0.0,0.0,4940.526977006812,estimated,6.535e-05,1251,7,1258,heuristic_estimate,model_cost_table,generation_model_costs@1.0.0
routed,sqa-9ec13a094bedbaf2,What is the data type of request_time?,standard_fallback,STANDARD,dense_baseline,False,"[""f7763ffa-5b3e-5caa-924a-adcc58759810"",""10228680-b705-5930-91a8-29a1c88505af"",""1cf03a70-87a2-50a7-bf44-a3e0770bb8a8"",""f5bd1d59-91b8-5f1e-b3d9-8de7ab4d30b9"",""b523aca4-673c-5bf6-94fb-703f2af4bc53"",""d1d88627-2347-50e8-a02c-d6ba3ba00f0e"",""86cedc3b-13e3-5f8d-8797-280cb4a6b4f6"",""2888ce29-af60-5322-96eb-cdfdde3bfc2e"",""dc7bf71a-2e38-50f7-b27c-fc9121a01d72"",""4c78ea89-59fc-54ae-ab8f-5e34ccce915b""]",0.0,0.0,0.0,243.34811209701002,estimated,0.00021915000000000004,4327,7,4334,heuristic_estimate,model_cost_table,generation_model_costs@1.0.0
always_fast,sqa-1333a2c4d6953cf4,What happens to the request_preview size and where is the full request stored?,,FAST,dense_baseline,False,"[""b7f06ff7-8fc6-5d2e-bf3c-454ec756ff1d"",""e3dafb28-11e1-5e57-8e00-777321b5b229""]",0.0,0.0,0.0,100.67670501302928,estimated,1.675e-05,143,24,167,heuristic_estimate,model_cost_table,generation_model_costs@1.0.0
always_careful,sqa-1333a2c4d6953cf4,What happens to the request_preview size and where is the full request stored?,,CAREFUL,hybrid_rrf_cross_encoder,False,"[""68332e95-fd7c-50a8-81b6-bb49f01778cb"",""e2349418-0900-51e7-b846-c3ab1a5e0494"",""e3dafb28-11e1-5e57-8e00-777321b5b229"",""b7f06ff7-8fc6-5d2e-bf3c-454ec756ff1d"",""637d805c-fbe0-5b0d-88fe-49465fc95dac""]",0.0,0.0,0.0,4219.52559199417,estimated,4.66e-05,740,24,764,heuristic_estimate,model_cost_table,generation_model_costs@1.0.0
routed,sqa-1333a2c4d6953cf4,What happens to the request_preview size and where is the full request stored?,top_score_below_no_answer_threshold,NO_ANSWER,,True,[],0.0,0.0,0.0,100.67670501302928,zero_cost,0.0,0,0,0,not_applicable,not_applicable,
always_fast,sqa-7115fc46a1555f1a,What is one alternative to class-based decision making?,,FAST,dense_baseline,False,"[""f841a884-901c-5796-8380-ebcefe71c19a"",""8d5f699d-d9a7-57d3-9b26-b26c84125cd9""]",0.0,0.0,0.0,39.548447995912284,estimated,4.0600000000000004e-05,772,5,777,heuristic_estimate,model_cost_table,generation_model_costs@1.0.0
always_careful,sqa-7115fc46a1555f1a,What is one alternative to class-based decision making?,,CAREFUL,hybrid_rrf_cross_encoder,False,"[""d5ef410f-88f0-55aa-90f9-1cc5e7d5b414"",""7caf9cd5-2b02-55ac-ad95-9686da4584a4"",""1e3d20a1-b83b-56af-a7fa-ade463210c1c"",""d91518c8-34be-58d8-9b14-b64811495a31"",""34462aa5-fdd8-55e0-b3fd-f93cf346b38d""]",0.0,0.0,0.0,4414.019190997351,estimated,4.7650000000000006e-05,913,5,918,heuristic_estimate,model_cost_table,generation_model_costs@1.0.0
routed,sqa-7115fc46a1555f1a,What is one alternative to class-based decision making?,top_score_below_no_answer_threshold,NO_ANSWER,,True,[],0.0,0.0,0.0,39.548447995912284,zero_cost,0.0,0,0,0,not_applicable,not_applicable,
always_fast,sqa-7f32d3b5b1a89fbf,What intermediate representation is needed to implement similarity learning quickly?,,FAST,dense_baseline,False,"[""109824b7-ad32-5527-8375-04711df1be0d"",""43dbc8cf-82ae-55d9-a177-60c412d7e4ed""]",0.0,0.0,0.0,36.70569398673251,estimated,4.050000000000001e-05,786,3,789,heuristic_estimate,model_cost_table,generation_model_costs@1.0.0
always_careful,sqa-7f32d3b5b1a89fbf,What intermediate representation is needed to implement similarity learning quickly?,,CAREFUL,hybrid_rrf_cross_encoder,False,"[""edc4b689-6eca-59c2-937a-c48adfe47bd9"",""109824b7-ad32-5527-8375-04711df1be0d"",""dd2b6511-88be-5ce3-8c2b-8701c78f4eb0"",""fdd484af-d95a-5b94-ad87-8fab81190fcd"",""01224342-6246-5b1e-b6f2-9b99f04ff45e""]",1.0,1.0,1.0,2955.0497450400144,estimated,0.00011960000000000001,2368,3,2371,heuristic_estimate,model_cost_table,generation_model_costs@1.0.0
routed,sqa-7f32d3b5b1a89fbf,What intermediate representation is needed to implement similarity learning quickly?,long_token_ratio_at_least_careful_threshold,CAREFUL,hybrid_rrf_cross_encoder,False,"[""edc4b689-6eca-59c2-937a-c48adfe47bd9"",""109824b7-ad32-5527-8375-04711df1be0d"",""dd2b6511-88be-5ce3-8c2b-8701c78f4eb0"",""fdd484af-d95a-5b94-ad87-8fab81190fcd"",""01224342-6246-5b1e-b6f2-9b99f04ff45e""]",1.0,1.0,1.0,2991.755439026747,estimated,0.00011960000000000001,2368,3,2371,heuristic_estimate,model_cost_table,generation_model_costs@1.0.0
always_fast,sqa-c550d812bb5272e0,Which distance measures are given as examples for calculating similarity between embeddings?,,FAST,dense_baseline,False,"[""dd2b6511-88be-5ce3-8c2b-8701c78f4eb0"",""85e5569b-74d2-5d84-96d4-003c8a8880f8""]",0.0,0.0,0.0,94.74921802757308,estimated,5.475000000000001e-05,1031,8,1039,heuristic_estimate,model_cost_table,generation_model_costs@1.0.0
always_careful,sqa-c550d812bb5272e0,Which distance measures are given as examples for calculating similarity between embeddings?,,CAREFUL,hybrid_rrf_cross_encoder,False,"[""edc4b689-6eca-59c2-937a-c48adfe47bd9"",""fdd484af-d95a-5b94-ad87-8fab81190fcd"",""dd2b6511-88be-5ce3-8c2b-8701c78f4eb0"",""109824b7-ad32-5527-8375-04711df1be0d"",""7c94056f-8d01-5a97-adf2-f17a860507a2""]",1.0,1.0,1.0,4242.21206898801,estimated,0.0001221,2378,8,2386,heuristic_estimate,model_cost_table,generation_model_costs@1.0.0
routed,sqa-c550d812bb5272e0,Which distance measures are given as examples for calculating similarity between embeddings?,long_token_ratio_at_least_careful_threshold,CAREFUL,hybrid_rrf_cross_encoder,False,"[""edc4b689-6eca-59c2-937a-c48adfe47bd9"",""fdd484af-d95a-5b94-ad87-8fab81190fcd"",""dd2b6511-88be-5ce3-8c2b-8701c78f4eb0"",""109824b7-ad32-5527-8375-04711df1be0d"",""7c94056f-8d01-5a97-adf2-f17a860507a2""]",1.0,1.0,1.0,4336.961287015583,estimated,0.0001221,2378,8,2386,heuristic_estimate,model_cost_table,generation_model_costs@1.0.0
always_fast,sqa-c00b9f531d2e5586,"Which file contains the information required to restore the model environment using virtualenv, and what three things does it specify?",,FAST,dense_baseline,False,"[""2a5c50f9-ab41-50a5-b2ec-54a38036aa95"",""78a2e43a-4a18-5617-96f5-19cfa4d6f265""]",1.0,1.0,1.0,117.75689199566841,estimated,3.35e-05,454,27,481,heuristic_estimate,model_cost_table,generation_model_costs@1.0.0
always_careful,sqa-c00b9f531d2e5586,"Which file contains the information required to restore the model environment using virtualenv, and what three things does it specify?",,CAREFUL,hybrid_rrf_cross_encoder,False,"[""2a5c50f9-ab41-50a5-b2ec-54a38036aa95"",""048fe627-c7ce-5902-892b-c81fad23331c"",""8916fc5a-0d29-5bbb-b9af-d6b97e6e6136"",""fa2168b9-d5b2-5bd3-8930-190db4cf819b"",""b156af7d-3d96-5101-97d8-4901a621ba8d""]",1.0,1.0,1.0,3120.5124229891226,estimated,7.609999999999999e-05,1306,27,1333,heuristic_estimate,model_cost_table,generation_model_costs@1.0.0
routed,sqa-c00b9f531d2e5586,"Which file contains the information required to restore the model environment using virtualenv, and what three things does it specify?",standard_fallback,STANDARD,dense_baseline,False,"[""2a5c50f9-ab41-50a5-b2ec-54a38036aa95"",""78a2e43a-4a18-5617-96f5-19cfa4d6f265"",""c7918cda-5605-5387-ba43-714f77173293"",""7e5ccc10-a0cf-53ad-879f-39317b9f4842"",""048fe627-c7ce-5902-892b-c81fad23331c"",""5a1b5901-a307-5f46-8490-7a53e3e12251"",""95d68b1c-7604-59de-965b-c9ffda14b661"",""b156af7d-3d96-5101-97d8-4901a621ba8d"",""bb82dda8-11f6-5d96-a119-875fbb379eb1"",""c201a79c-6917-54c7-8179-e666011d24fb""]",1.0,1.0,1.0,235.51378399133682,estimated,7.110000000000001e-05,1206,27,1233,heuristic_estimate,model_cost_table,generation_model_costs@1.0.0
always_fast,sqa-5c5e20dbf84c3f0b,What operation is used to quantify the similarity between the query and document vectors?,,FAST,dense_baseline,False,"[""58cc0e54-4542-5d3e-a152-85b9ee37794c"",""da6f3012-aad7-5e11-82e2-3dfaa0e917f7""]",0.0,0.0,0.0,106.303175969515,estimated,3.51e-05,574,16,590,heuristic_estimate,model_cost_table,generation_model_costs@1.0.0
always_careful,sqa-5c5e20dbf84c3f0b,What operation is used to quantify the similarity between the query and document vectors?,,CAREFUL,hybrid_rrf_cross_encoder,False,"[""58cc0e54-4542-5d3e-a152-85b9ee37794c"",""ee5a3f6a-d8d9-560f-bd84-d0649f2d8a4d"",""c355df8c-50e6-5be9-8b10-cd7d32c29de8"",""3de1d6c3-74c8-5261-a251-61518c9b53fa"",""85e5569b-74d2-5d84-96d4-003c8a8880f8""]",1.0,0.5,0.6309297535714575,6957.6100269914605,estimated,0.00010025000000000001,1877,16,1893,heuristic_estimate,model_cost_table,generation_model_costs@1.0.0
routed,sqa-5c5e20dbf84c3f0b,What operation is used to quantify the similarity between the query and document vectors?,standard_fallback,STANDARD,dense_baseline,False,"[""58cc0e54-4542-5d3e-a152-85b9ee37794c"",""da6f3012-aad7-5e11-82e2-3dfaa0e917f7"",""3de1d6c3-74c8-5261-a251-61518c9b53fa"",""c355df8c-50e6-5be9-8b10-cd7d32c29de8"",""1e3084e0-5d0e-5fc1-a384-67463db1dbb0"",""39a99338-1b92-54de-a8dc-e5835d67a2a8"",""43dbc8cf-82ae-55d9-a177-60c412d7e4ed"",""81e35986-281c-5627-8ef4-921116afdeb6"",""5d639a14-667f-54de-80fc-5aec049f4005"",""3253217e-fe53-528a-9da1-65caddb92a89""]",0.0,0.0,0.0,212.60635193903,estimated,0.000148,2832,16,2848,heuristic_estimate,model_cost_table,generation_model_costs@1.0.0
always_fast,sqa-ade53f89f8629636,Which standards can be used to establish a secure authentication setup in FastAPI according to the tutorial recap?,,FAST,dense_baseline,False,"[""08795bc3-e7c0-5c9d-a9e8-79a6aa1e9d0b"",""d0cacd06-ea3e-52c5-9497-bc5e8fb0eccd""]",0.0,0.0,0.0,143.31264997599646,estimated,2.1050000000000003e-05,389,4,393,heuristic_estimate,model_cost_table,generation_model_costs@1.0.0
always_careful,sqa-ade53f89f8629636,Which standards can be used to establish a secure authentication setup in FastAPI according to the tutorial recap?,,CAREFUL,hybrid_rrf_cross_encoder,False,"[""0421b964-469f-55a3-ae9b-e64ce5cafe86"",""9616f409-9214-5723-895a-458b59478f06"",""6d43ca41-9634-526a-8383-2397ce372bdc"",""dd9f2a99-e8a0-5b8b-886d-2dbd383c4611"",""ae084e1e-75e7-53a7-873d-af6645df65dc""]",1.0,1.0,1.0,7728.265525016468,estimated,4.795e-05,927,4,931,heuristic_estimate,model_cost_table,generation_model_costs@1.0.0
routed,sqa-ade53f89f8629636,Which standards can be used to establish a secure authentication setup in FastAPI according to the tutorial recap?,standard_fallback,STANDARD,dense_baseline,False,"[""08795bc3-e7c0-5c9d-a9e8-79a6aa1e9d0b"",""d0cacd06-ea3e-52c5-9497-bc5e8fb0eccd"",""9616f409-9214-5723-895a-458b59478f06"",""9cb2ccf7-13ed-5cbc-a693-d95d6228bfe0"",""0421b964-469f-55a3-ae9b-e64ce5cafe86"",""2c389b96-f00f-548b-862f-8afcdd94062c"",""5e8a3c95-a811-536b-af16-2ad8dee0bbbb"",""c71ca15c-ecef-5019-8a35-cb4da289e4d6"",""94e49352-e82b-5ab0-bb87-6a6dc88ed38d"",""f48cfb5d-1ea0-565c-a5cb-3376ed7cd094""]",1.0,0.2,0.38685280723454163,286.62529995199293,estimated,7.27e-05,1422,4,1426,heuristic_estimate,model_cost_table,generation_model_costs@1.0.0
always_fast,sqa-52abd01126658d4e,Which specific third-party packages are mentioned as easily usable with FastAPI for security handling?,,FAST,dense_baseline,False,"[""0421b964-469f-55a3-ae9b-e64ce5cafe86"",""9cb2ccf7-13ed-5cbc-a693-d95d6228bfe0""]",1.0,1.0,1.0,167.85191098460928,estimated,3.025e-05,557,6,563,heuristic_estimate,model_cost_table,generation_model_costs@1.0.0
always_careful,sqa-52abd01126658d4e,Which specific third-party packages are mentioned as easily usable with FastAPI for security handling?,,CAREFUL,hybrid_rrf_cross_encoder,False,"[""0421b964-469f-55a3-ae9b-e64ce5cafe86"",""85a35f65-e0c8-5ab1-9987-a46b0ac3653c"",""9616f409-9214-5723-895a-458b59478f06"",""9cb2ccf7-13ed-5cbc-a693-d95d6228bfe0"",""0cb137f7-354d-5444-9801-271ccef3872d""]",1.0,1.0,1.0,3668.865106010344,estimated,5.24e-05,1000,6,1006,heuristic_estimate,model_cost_table,generation_model_costs@1.0.0
routed,sqa-52abd01126658d4e,Which specific third-party packages are mentioned as easily usable with FastAPI for security handling?,long_token_ratio_at_least_careful_threshold,CAREFUL,hybrid_rrf_cross_encoder,False,"[""0421b964-469f-55a3-ae9b-e64ce5cafe86"",""85a35f65-e0c8-5ab1-9987-a46b0ac3653c"",""9616f409-9214-5723-895a-458b59478f06"",""9cb2ccf7-13ed-5cbc-a693-d95d6228bfe0"",""0cb137f7-354d-5444-9801-271ccef3872d""]",1.0,1.0,1.0,3836.717016994953,estimated,5.24e-05,1000,6,1006,heuristic_estimate,model_cost_table,generation_model_costs@1.0.0
always_fast,sqa-9bbefdf430f9c31f,What mechanism is used to implement a fine-grained permission system in FastAPI?,,FAST,dense_baseline,False,"[""a7d42f72-5b4b-54ca-bcfb-5eda513f411f"",""9cb2ccf7-13ed-5cbc-a693-d95d6228bfe0""]",0.0,0.0,0.0,70.59967500390485,estimated,1.4400000000000001e-05,256,4,260,heuristic_estimate,model_cost_table,generation_model_costs@1.0.0
always_careful,sqa-9bbefdf430f9c31f,What mechanism is used to implement a fine-grained permission system in FastAPI?,,CAREFUL,hybrid_rrf_cross_encoder,False,"[""8ac0416c-6ab9-5f15-b142-8c0f8bcaa664"",""0421b964-469f-55a3-ae9b-e64ce5cafe86"",""9cb2ccf7-13ed-5cbc-a693-d95d6228bfe0"",""0fad9d69-6727-5168-8c26-0874c352fa3f"",""6fd2aed0-98e6-5e74-8823-4e2cdb247bb9""]",1.0,0.5,0.6309297535714575,3321.364536997862,estimated,5.4000000000000005e-05,1048,4,1052,heuristic_estimate,model_cost_table,generation_model_costs@1.0.0
routed,sqa-9bbefdf430f9c31f,What mechanism is used to implement a fine-grained permission system in FastAPI?,standard_fallback,STANDARD,dense_baseline,False,"[""a7d42f72-5b4b-54ca-bcfb-5eda513f411f"",""9cb2ccf7-13ed-5cbc-a693-d95d6228bfe0"",""53d012d4-7ebd-5354-b15b-05df167ce754"",""9616f409-9214-5723-895a-458b59478f06"",""6fd2aed0-98e6-5e74-8823-4e2cdb247bb9"",""93f3ff41-ca0c-5801-87f4-8f5f6e46a00f"",""47210980-25b4-5737-b9f8-05f0ec9a3d16"",""7a9fa24e-1018-56f1-985d-f70b2546cceb"",""70632d28-988a-50f8-aa9b-b1d173603d4c"",""58cc7aa9-e028-51ad-8108-edf777b90da5""]",0.0,0.0,0.0,141.1993500078097,estimated,0.0001067,2102,4,2106,heuristic_estimate,model_cost_table,generation_model_costs@1.0.0
always_fast,sqa-5c5e1373d68176f8,How does MLflow determine the input and output schema when logging a PythonModel that includes type hints?,,FAST,dense_baseline,False,"[""21560148-6a34-5a28-9b74-593b0ac45fef"",""096edd22-507c-52c1-96c2-016f31daddf3""]",1.0,1.0,1.0,55.48478302080184,estimated,4.490000000000001e-05,682,27,709,heuristic_estimate,model_cost_table,generation_model_costs@1.0.0
always_careful,sqa-5c5e1373d68176f8,How does MLflow determine the input and output schema when logging a PythonModel that includes type hints?,,CAREFUL,hybrid_rrf_cross_encoder,False,"[""21560148-6a34-5a28-9b74-593b0ac45fef"",""055a9d79-9114-5102-a6e5-b19ced1866f2"",""096edd22-507c-52c1-96c2-016f31daddf3"",""68a0fec6-a385-51d6-92c4-12263e163b49"",""645f6db6-3f2e-53bd-bf6a-0ec0a74e4363""]",1.0,1.0,1.0,3354.3645900208503,estimated,7.755e-05,1335,27,1362,heuristic_estimate,model_cost_table,generation_model_costs@1.0.0
routed,sqa-5c5e1373d68176f8,How does MLflow determine the input and output schema when logging a PythonModel that includes type hints?,clause_marker_count_at_least_careful_threshold,CAREFUL,hybrid_rrf_cross_encoder,False,"[""21560148-6a34-5a28-9b74-593b0ac45fef"",""055a9d79-9114-5102-a6e5-b19ced1866f2"",""096edd22-507c-52c1-96c2-016f31daddf3"",""68a0fec6-a385-51d6-92c4-12263e163b49"",""645f6db6-3f2e-53bd-bf6a-0ec0a74e4363""]",1.0,1.0,1.0,3409.849373041652,estimated,7.755e-05,1335,27,1362,heuristic_estimate,model_cost_table,generation_model_costs@1.0.0
always_fast,sqa-4d1f9fc474b0154c,What occurs if an explicit signature parameter is provided when logging a PythonModel with type hints?,,FAST,dense_baseline,False,"[""21560148-6a34-5a28-9b74-593b0ac45fef"",""096edd22-507c-52c1-96c2-016f31daddf3""]",1.0,1.0,1.0,90.04811401246116,estimated,4.9250000000000004e-05,681,38,719,heuristic_estimate,model_cost_table,generation_model_costs@1.0.0
always_careful,sqa-4d1f9fc474b0154c,What occurs if an explicit signature parameter is provided when logging a PythonModel with type hints?,,CAREFUL,hybrid_rrf_cross_encoder,False,"[""21560148-6a34-5a28-9b74-593b0ac45fef"",""70bbe55a-8991-5310-9c38-65e359003b33"",""055a9d79-9114-5102-a6e5-b19ced1866f2"",""14d4ab16-1a76-5eeb-8b5c-476d187b0b6e"",""95c028b7-a820-520b-91af-f46b5579aa37""]",1.0,1.0,1.0,3136.846603010781,estimated,6.47e-05,990,38,1028,heuristic_estimate,model_cost_table,generation_model_costs@1.0.0
routed,sqa-4d1f9fc474b0154c,What occurs if an explicit signature parameter is provided when logging a PythonModel with type hints?,standard_fallback,STANDARD,dense_baseline,False,"[""21560148-6a34-5a28-9b74-593b0ac45fef"",""096edd22-507c-52c1-96c2-016f31daddf3"",""be8a1c31-d72d-5c8b-820b-1ec6a356a509"",""95c028b7-a820-520b-91af-f46b5579aa37"",""055a9d79-9114-5102-a6e5-b19ced1866f2"",""095f9743-a28d-56a7-bef3-1abde6b4214c"",""645f6db6-3f2e-53bd-bf6a-0ec0a74e4363"",""2052b6c0-03db-5627-a2bc-7c8ff3abe47a"",""26ac93ca-f305-5cd3-a36b-db4c0004d45c"",""ff366582-391a-5df5-b740-3ae1945297c2""]",1.0,1.0,1.0,180.0962280249223,estimated,8.865e-05,1469,38,1507,heuristic_estimate,model_cost_table,generation_model_costs@1.0.0
always_fast,sqa-ceaead1685abb224,Where must pydantic model type hints be defined to use pydantic objects as inputs for an MLflow PythonModel?,,FAST,dense_baseline,False,"[""5cd12d1e-4a6f-5027-9e10-381aafbf553c"",""096edd22-507c-52c1-96c2-016f31daddf3""]",0.0,0.0,0.0,130.89666096493602,estimated,3.7550000000000005e-05,463,36,499,heuristic_estimate,model_cost_table,generation_model_costs@1.0.0
always_careful,sqa-ceaead1685abb224,Where must pydantic model type hints be defined to use pydantic objects as inputs for an MLflow PythonModel?,,CAREFUL,hybrid_rrf_cross_encoder,False,"[""22c7a6c4-153c-5e29-b5a9-fb0814d85dba"",""19272148-a92a-5307-bac2-286f6e079393"",""645f6db6-3f2e-53bd-bf6a-0ec0a74e4363"",""21560148-6a34-5a28-9b74-593b0ac45fef"",""14d4ab16-1a76-5eeb-8b5c-476d187b0b6e""]",1.0,0.25,0.43067655807339306,3744.138706009835,estimated,8.960000000000001e-05,1504,36,1540,heuristic_estimate,model_cost_table,generation_model_costs@1.0.0
routed,sqa-ceaead1685abb224,Where must pydantic model type hints be defined to use pydantic objects as inputs for an MLflow PythonModel?,standard_fallback,STANDARD,dense_baseline,False,"[""5cd12d1e-4a6f-5027-9e10-381aafbf553c"",""096edd22-507c-52c1-96c2-016f31daddf3"",""22c7a6c4-153c-5e29-b5a9-fb0814d85dba"",""645f6db6-3f2e-53bd-bf6a-0ec0a74e4363"",""f167d9f9-1f8c-5bcf-bf39-4ed7d07ea4cf"",""dae3f1a5-622f-5b1b-b262-e7e42208dfb9"",""0d547996-8cfc-55c0-a5f1-cdb5c5b959b2"",""19272148-a92a-5307-bac2-286f6e079393"",""c8cf8814-d883-5faa-af92-223a57b7cfa0"",""670821d3-845a-54ee-9581-9d3395d96255""]",0.0,0.0,0.0,261.79332192987204,estimated,0.00010155000000000002,1743,36,1779,heuristic_estimate,model_cost_table,generation_model_costs@1.0.0
always_fast,sqa-673de786b69493ab,What initial methods can be used to retrieve a subset of documents before applying a reranker?,,FAST,dense_baseline,False,"[""4eee9879-b5a6-53c8-ba42-1b8e1936b987"",""7d51e744-dbf6-52a2-a3fa-b2cfc50ea5b1""]",0.0,0.0,0.0,91.08556300634518,estimated,4.5400000000000006e-05,684,28,712,heuristic_estimate,model_cost_table,generation_model_costs@1.0.0
always_careful,sqa-673de786b69493ab,What initial methods can be used to retrieve a subset of documents before applying a reranker?,,CAREFUL,hybrid_rrf_cross_encoder,False,"[""a7ac6e05-1341-56fb-ad86-459a76c59eca"",""7d51e744-dbf6-52a2-a3fa-b2cfc50ea5b1"",""32f96027-5a31-5c3c-b402-a3012523f98c"",""caa71ce4-da24-5f88-a80d-9c78a2a7ae39"",""0447fbcf-795b-50e9-a378-2f69f3a8d32e""]",1.0,1.0,1.0,3654.141813982278,estimated,8.345000000000001e-05,1445,28,1473,heuristic_estimate,model_cost_table,generation_model_costs@1.0.0
routed,sqa-673de786b69493ab,What initial methods can be used to retrieve a subset of documents before applying a reranker?,score_gap_below_careful_threshold,CAREFUL,hybrid_rrf_cross_encoder,False,"[""a7ac6e05-1341-56fb-ad86-459a76c59eca"",""7d51e744-dbf6-52a2-a3fa-b2cfc50ea5b1"",""32f96027-5a31-5c3c-b402-a3012523f98c"",""caa71ce4-da24-5f88-a80d-9c78a2a7ae39"",""0447fbcf-795b-50e9-a378-2f69f3a8d32e""]",1.0,1.0,1.0,3745.2273769886233,estimated,8.345000000000001e-05,1445,28,1473,heuristic_estimate,model_cost_table,generation_model_costs@1.0.0
always_fast,sqa-7d97ec3c52aa5853,What primary trade-off do rerankers make when evaluating document relevance?,,FAST,dense_baseline,False,"[""a7ac6e05-1341-56fb-ad86-459a76c59eca"",""0972d759-6eaf-5f22-ac43-ba2d3329821d""]",1.0,1.0,1.0,147.3661659983918,estimated,2.7850000000000003e-05,485,9,494,heuristic_estimate,model_cost_table,generation_model_costs@1.0.0
always_careful,sqa-7d97ec3c52aa5853,What primary trade-off do rerankers make when evaluating document relevance?,,CAREFUL,hybrid_rrf_cross_encoder,False,"[""15673683-80fd-5359-a305-48eb90b58215"",""a7ac6e05-1341-56fb-ad86-459a76c59eca"",""b990f7d2-3a5e-5ff2-8646-a85d489103d8"",""4eee9879-b5a6-53c8-ba42-1b8e1936b987"",""6c9db370-b94f-5840-a08b-7a40b13ceb8f""]",1.0,0.5,0.6309297535714575,3206.7053699865937,estimated,9.504999999999999e-05,1829,9,1838,heuristic_estimate,model_cost_table,generation_model_costs@1.0.0
routed,sqa-7d97ec3c52aa5853,What primary trade-off do rerankers make when evaluating document relevance?,complexity_marker_count_at_least_careful_threshold,CAREFUL,hybrid_rrf_cross_encoder,False,"[""15673683-80fd-5359-a305-48eb90b58215"",""a7ac6e05-1341-56fb-ad86-459a76c59eca"",""b990f7d2-3a5e-5ff2-8646-a85d489103d8"",""4eee9879-b5a6-53c8-ba42-1b8e1936b987"",""6c9db370-b94f-5840-a08b-7a40b13ceb8f""]",1.0,0.5,0.6309297535714575,3354.0715359849855,estimated,9.504999999999999e-05,1829,9,1838,heuristic_estimate,model_cost_table,generation_model_costs@1.0.0
always_fast,sqa-580f65fefad3cf3a,What is the primary function of a reranker in document search?,,FAST,dense_baseline,False,"[""a7ac6e05-1341-56fb-ad86-459a76c59eca"",""b990f7d2-3a5e-5ff2-8646-a85d489103d8""]",1.0,1.0,1.0,41.81639204034582,estimated,4.7799999999999996e-05,668,36,704,heuristic_estimate,model_cost_table,generation_model_costs@1.0.0
always_careful,sqa-580f65fefad3cf3a,What is the primary function of a reranker in document search?,,CAREFUL,hybrid_rrf_cross_encoder,False,"[""a7ac6e05-1341-56fb-ad86-459a76c59eca"",""886b78b8-1e7e-56a9-a016-cdf70ea7bdae"",""7d51e744-dbf6-52a2-a3fa-b2cfc50ea5b1"",""e3ab69bd-91e2-586a-9c95-eb54ee83e04d"",""6cf582db-9b08-586c-be46-a2691ccb40b0""]",1.0,1.0,1.0,4122.432767995633,estimated,8.27e-05,1366,36,1402,heuristic_estimate,model_cost_table,generation_model_costs@1.0.0
routed,sqa-580f65fefad3cf3a,What is the primary function of a reranker in document search?,fast_conditions_satisfied,FAST,dense_baseline,False,"[""a7ac6e05-1341-56fb-ad86-459a76c59eca"",""b990f7d2-3a5e-5ff2-8646-a85d489103d8""]",1.0,1.0,1.0,41.81639204034582,estimated,4.7799999999999996e-05,668,36,704,heuristic_estimate,model_cost_table,generation_model_costs@1.0.0
always_fast,sqa-bd0d27f9ade799b8,Which methods can be used to serve static frontend applications in FastAPI?,,FAST,dense_baseline,False,"[""88db2e09-9fe8-5b0d-a66f-b0a278fea3cf"",""2c389b96-f00f-548b-862f-8afcdd94062c""]",1.0,1.0,1.0,256.78123702527955,estimated,2.4700000000000004e-05,318,22,340,heuristic_estimate,model_cost_table,generation_model_costs@1.0.0
always_careful,sqa-bd0d27f9ade799b8,Which methods can be used to serve static frontend applications in FastAPI?,,CAREFUL,hybrid_rrf_cross_encoder,False,"[""88db2e09-9fe8-5b0d-a66f-b0a278fea3cf"",""601a1e58-27cf-5ccb-9126-342f71d7b6dd"",""f73fe22c-65c5-5717-8522-f1d569be1f79"",""72889e38-2815-500f-9b8c-2493ece89f47"",""5cbf76e0-dd89-52e6-8283-de8aa692fe4f""]",1.0,1.0,1.0,5237.80501098372,estimated,4.3549999999999995e-05,695,22,717,heuristic_estimate,model_cost_table,generation_model_costs@1.0.0
routed,sqa-bd0d27f9ade799b8,Which methods can be used to serve static frontend applications in FastAPI?,score_gap_below_careful_threshold,CAREFUL,hybrid_rrf_cross_encoder,False,"[""88db2e09-9fe8-5b0d-a66f-b0a278fea3cf"",""601a1e58-27cf-5ccb-9126-342f71d7b6dd"",""f73fe22c-65c5-5717-8522-f1d569be1f79"",""72889e38-2815-500f-9b8c-2493ece89f47"",""5cbf76e0-dd89-52e6-8283-de8aa692fe4f""]",1.0,1.0,1.0,5494.586248009,estimated,4.3549999999999995e-05,695,22,717,heuristic_estimate,model_cost_table,generation_model_costs@1.0.0
always_fast,sqa-4cb482f1f218af58,In what order does FastAPI evaluate incoming requests when serving static frontend files alongside API routes?,,FAST,dense_baseline,False,"[""b3f31a87-8584-56d9-b75c-b208346c764b"",""193745b4-227e-54b2-a123-dbeb519f2edd""]",0.0,0.0,0.0,125.40499999886379,estimated,4.09e-05,610,26,636,heuristic_estimate,model_cost_table,generation_model_costs@1.0.0
always_careful,sqa-4cb482f1f218af58,In what order does FastAPI evaluate incoming requests when serving static frontend files alongside API routes?,,CAREFUL,hybrid_rrf_cross_encoder,False,"[""88db2e09-9fe8-5b0d-a66f-b0a278fea3cf"",""b3f31a87-8584-56d9-b75c-b208346c764b"",""5c7a028e-0bc3-55ac-bd3c-1d41cf083c9e"",""5cbf76e0-dd89-52e6-8283-de8aa692fe4f"",""8c82e07e-3a10-5c4c-bbe5-c0ef2d4ac55a""]",1.0,1.0,1.0,7300.186343956739,estimated,7.785000000000001e-05,1349,26,1375,heuristic_estimate,model_cost_table,generation_model_costs@1.0.0
routed,sqa-4cb482f1f218af58,In what order does FastAPI evaluate incoming requests when serving static frontend files alongside API routes?,complexity_marker_count_at_least_careful_threshold,CAREFUL,hybrid_rrf_cross_encoder,False,"[""88db2e09-9fe8-5b0d-a66f-b0a278fea3cf"",""b3f31a87-8584-56d9-b75c-b208346c764b"",""5c7a028e-0bc3-55ac-bd3c-1d41cf083c9e"",""5cbf76e0-dd89-52e6-8283-de8aa692fe4f"",""8c82e07e-3a10-5c4c-bbe5-c0ef2d4ac55a""]",1.0,1.0,1.0,7425.5913439556025,estimated,7.785000000000001e-05,1349,26,1375,heuristic_estimate,model_cost_table,generation_model_costs@1.0.0
always_fast,sqa-0962a7db4ec6c78a,In which section of the MLflow Run details page can a user find and select the model folder to register?,,FAST,dense_baseline,False,"[""0fe449ce-beb7-5fe3-9783-608897b54248"",""823e8e92-95ff-517f-848b-d2cbc87e5a90""]",0.0,0.0,0.0,49.67455199221149,estimated,1.88e-05,320,7,327,heuristic_estimate,model_cost_table,generation_model_costs@1.0.0
always_careful,sqa-0962a7db4ec6c78a,In which section of the MLflow Run details page can a user find and select the model folder to register?,,CAREFUL,hybrid_rrf_cross_encoder,False,"[""dab53288-de1a-569e-9508-25434c829ffb"",""d729a823-3f12-52de-85e0-5c24b872cad4"",""823e8e92-95ff-517f-848b-d2cbc87e5a90"",""2d38b49d-d72e-5761-b3c6-bbf490bf51fd"",""5e839b4e-77df-53d3-8dd5-ad9ffc65b802""]",1.0,0.5,0.6309297535714575,5016.612143954262,estimated,4.065e-05,757,7,764,heuristic_estimate,model_cost_table,generation_model_costs@1.0.0
routed,sqa-0962a7db4ec6c78a,In which section of the MLflow Run details page can a user find and select the model folder to register?,score_gap_below_careful_threshold,CAREFUL,hybrid_rrf_cross_encoder,False,"[""dab53288-de1a-569e-9508-25434c829ffb"",""d729a823-3f12-52de-85e0-5c24b872cad4"",""823e8e92-95ff-517f-848b-d2cbc87e5a90"",""2d38b49d-d72e-5761-b3c6-bbf490bf51fd"",""5e839b4e-77df-53d3-8dd5-ad9ffc65b802""]",1.0,0.5,0.6309297535714575,5066.286695946474,estimated,4.065e-05,757,7,764,heuristic_estimate,model_cost_table,generation_model_costs@1.0.0
always_fast,sqa-a8ee8614cd6dc87b,What options are available in the Model dropdown menu on the model registration form?,,FAST,dense_baseline,False,"[""114648d3-2fdd-57c6-97cb-99b391fb3cd8"",""65a2d2ab-ac53-5b3e-a5e3-6df9bead624e""]",0.0,0.0,0.0,115.43433804763481,estimated,1.715e-05,175,21,196,heuristic_estimate,model_cost_table,generation_model_costs@1.0.0
always_careful,sqa-a8ee8614cd6dc87b,What options are available in the Model dropdown menu on the model registration form?,,CAREFUL,hybrid_rrf_cross_encoder,False,"[""d729a823-3f12-52de-85e0-5c24b872cad4"",""dab53288-de1a-569e-9508-25434c829ffb"",""4816bc2e-ac37-5cc4-ad2b-897b09bdd7fa"",""d856b917-9c0c-5ec7-a683-5ae5e57d0859"",""114648d3-2fdd-57c6-97cb-99b391fb3cd8""]",1.0,1.0,1.0,3399.264016014058,estimated,6.080000000000001e-05,1048,21,1069,heuristic_estimate,model_cost_table,generation_model_costs@1.0.0
routed,sqa-a8ee8614cd6dc87b,What options are available in the Model dropdown menu on the model registration form?,top_score_below_no_answer_threshold,NO_ANSWER,,True,[],0.0,0.0,0.0,115.43433804763481,zero_cost,0.0,0,0,0,not_applicable,not_applicable,
always_fast,sqa-7622236114712036,"What occurs when a user chooses the ""Create New Model"" option in the Model dropdown menu?",,FAST,dense_baseline,False,"[""5a2e5ee7-d318-5a2f-818d-4cedceea350b"",""39c3200c-9569-567d-a1d7-bbdd889f9808""]",0.0,0.0,0.0,120.60720403678715,estimated,1.845e-05,185,23,208,heuristic_estimate,model_cost_table,generation_model_costs@1.0.0
always_careful,sqa-7622236114712036,"What occurs when a user chooses the ""Create New Model"" option in the Model dropdown menu?",,CAREFUL,hybrid_rrf_cross_encoder,False,"[""dab53288-de1a-569e-9508-25434c829ffb"",""d729a823-3f12-52de-85e0-5c24b872cad4"",""59cbb4a0-5dcd-5cf6-88ea-792f9f9aa14c"",""5a2e5ee7-d318-5a2f-818d-4cedceea350b"",""27656be0-0741-51fc-bc93-37e317d32b32""]",1.0,0.5,0.6309297535714575,4269.470116996672,estimated,4.810000000000001e-05,778,23,801,heuristic_estimate,model_cost_table,generation_model_costs@1.0.0
routed,sqa-7622236114712036,"What occurs when a user chooses the ""Create New Model"" option in the Model dropdown menu?",top_score_below_careful_threshold,CAREFUL,hybrid_rrf_cross_encoder,False,"[""dab53288-de1a-569e-9508-25434c829ffb"",""d729a823-3f12-52de-85e0-5c24b872cad4"",""59cbb4a0-5dcd-5cf6-88ea-792f9f9aa14c"",""5a2e5ee7-d318-5a2f-818d-4cedceea350b"",""27656be0-0741-51fc-bc93-37e317d32b32""]",1.0,0.5,0.6309297535714575,4390.077321033459,estimated,4.810000000000001e-05,778,23,801,heuristic_estimate,model_cost_table,generation_model_costs@1.0.0
always_fast,sqa-6055940f3e30c975,Which parameter in a Qdrant query allows retrieving a vector using a point ID located in a different collection?,,FAST,dense_baseline,False,"[""0a2a7a0b-32f9-53e5-96a6-c6c8b50e9c2b"",""bea9dfe0-522b-5e5c-b05d-0a2dd6997e9a""]",0.0,0.0,0.0,113.49398299353197,estimated,3.680000000000001e-05,704,4,708,heuristic_estimate,model_cost_table,generation_model_costs@1.0.0
always_careful,sqa-6055940f3e30c975,Which parameter in a Qdrant query allows retrieving a vector using a point ID located in a different collection?,,CAREFUL,hybrid_rrf_cross_encoder,False,"[""d37849c9-2d35-550a-88af-f84edd4d3191"",""6c206963-631b-5f66-93ab-13d329b5d33e"",""9a0bd9e7-4c4c-5c01-8b59-b7e3ba837c34"",""9c44343c-5b64-52ab-85a6-9bd76bacf844"",""0d11a14b-2d86-5f26-873e-c9b7afa61c15""]",1.0,1.0,1.0,3512.6219780067913,estimated,0.00013194999999999998,2607,4,2611,heuristic_estimate,model_cost_table,generation_model_costs@1.0.0
routed,sqa-6055940f3e30c975,Which parameter in a Qdrant query allows retrieving a vector using a point ID located in a different collection?,standard_fallback,STANDARD,dense_baseline,False,"[""0a2a7a0b-32f9-53e5-96a6-c6c8b50e9c2b"",""bea9dfe0-522b-5e5c-b05d-0a2dd6997e9a"",""feaaeea1-ead3-5b63-a0f4-919d2e66c160"",""d37849c9-2d35-550a-88af-f84edd4d3191"",""0d11a14b-2d86-5f26-873e-c9b7afa61c15"",""da11e5df-f0bb-5569-9909-00390b78e7a6"",""6adbebfa-d775-5ffe-94ad-64fc238e5d1f"",""2bd77a3d-042a-5c3f-98fc-07b844efa1bc"",""b7e355ec-63bc-5e07-986c-75af755a556b"",""7338db96-cb34-510f-9a68-922714af0f55""]",1.0,0.25,0.43067655807339306,226.98796598706394,estimated,0.0001806,3580,4,3584,heuristic_estimate,model_cost_table,generation_model_costs@1.0.0
always_fast,sqa-d20c9187fa7725e6,What two primary properties are required inside the lookup_from configuration when referencing a point in another collection?,,FAST,dense_baseline,False,"[""b43787fa-33c2-5349-8d13-0216fcd0752a"",""76e49ae0-ce54-58ea-8307-a80941ffa028""]",0.0,0.0,0.0,150.29082499677315,estimated,1.4350000000000002e-05,151,17,168,heuristic_estimate,model_cost_table,generation_model_costs@1.0.0
always_careful,sqa-d20c9187fa7725e6,What two primary properties are required inside the lookup_from configuration when referencing a point in another collection?,,CAREFUL,hybrid_rrf_cross_encoder,False,"[""7036baf4-9ce4-5cbb-bc29-a86da3352064"",""ce5f9f9b-8634-51c3-8e27-7b0967a3eea4"",""a467348d-83c8-5f22-a5dc-b747b55852b5"",""d37849c9-2d35-550a-88af-f84edd4d3191"",""87340082-0ccb-5fbe-88bf-3f18a09b0d5a""]",1.0,0.25,0.43067655807339306,4297.443259973079,estimated,0.00016055,3075,17,3092,heuristic_estimate,model_cost_table,generation_model_costs@1.0.0
routed,sqa-d20c9187fa7725e6,What two primary properties are required inside the lookup_from configuration when referencing a point in another collection?,top_score_below_no_answer_threshold,NO_ANSWER,,True,[],0.0,0.0,0.0,150.29082499677315,zero_cost,0.0,0,0,0,not_applicable,not_applicable,
always_fast,sqa-8397e93659723d06,How can extra cookies be forbidden in a FastAPI cookie parameter model?,,FAST,dense_baseline,False,"[""58ac3b23-a727-5051-9229-399cb201be40"",""8e795ac3-b7d7-5fee-bc21-fa265ac04b54""]",0.0,0.0,0.0,92.0634480426088,estimated,2.35e-05,342,16,358,heuristic_estimate,model_cost_table,generation_model_costs@1.0.0
always_careful,sqa-8397e93659723d06,How can extra cookies be forbidden in a FastAPI cookie parameter model?,,CAREFUL,hybrid_rrf_cross_encoder,False,"[""fcabdafe-e84d-580b-a55e-f98f23c4802d"",""221aa309-cce0-5abb-bb6f-af8f90ff696a"",""0bc9232d-3b2c-5be7-9687-2e9cee497d79"",""2d2f4a0b-8116-5bba-a0e9-e07064f3460b"",""5eb7f761-c4a4-5652-925f-c29367c6c525""]",1.0,0.5,0.6309297535714575,2743.9539000042714,estimated,6.885e-05,1249,16,1265,heuristic_estimate,model_cost_table,generation_model_costs@1.0.0
routed,sqa-8397e93659723d06,How can extra cookies be forbidden in a FastAPI cookie parameter model?,standard_fallback,STANDARD,dense_baseline,False,"[""58ac3b23-a727-5051-9229-399cb201be40"",""8e795ac3-b7d7-5fee-bc21-fa265ac04b54"",""dd2fd4c8-4f74-5c4e-a77d-cabb319078dd"",""5eb7f761-c4a4-5652-925f-c29367c6c525"",""9cde6bd7-f662-5cbc-97e5-ae309ecd2404"",""7dcdcca3-6466-5700-97da-0c34fed16509"",""0bc9232d-3b2c-5be7-9687-2e9cee497d79"",""6b634f76-13ef-5d4e-b188-32c432716720"",""838d35e3-e315-59b1-ba89-39bb63a6be15"",""221aa309-cce0-5abb-bb6f-af8f90ff696a""]",0.0,0.1,0.0,184.1268960852176,estimated,9.015000000000001e-05,1675,16,1691,heuristic_estimate,model_cost_table,generation_model_costs@1.0.0
always_fast,sqa-a6c95a648b8cccd8,What is the main difference between the legacy permission model and the role-based permission model in MLflow?,,FAST,dense_baseline,False,"[""f5c87c94-cae4-599a-b3e0-693356ce7611"",""1ee47c25-6aac-58ba-b6db-bd5759bdfc6b""]",0.0,0.0,0.0,177.8705189935863,estimated,3.53e-05,354,44,398,heuristic_estimate,model_cost_table,generation_model_costs@1.0.0
always_careful,sqa-a6c95a648b8cccd8,What is the main difference between the legacy permission model and the role-based permission model in MLflow?,,CAREFUL,hybrid_rrf_cross_encoder,False,"[""7ae155a1-d81d-5b4c-b57e-97c0c2151add"",""f5c87c94-cae4-599a-b3e0-693356ce7611"",""4e6171cf-add8-5ffe-b5e4-e8a3925b3355"",""1e527474-b18f-5f11-904f-78728fbdb284"",""b9eb1ffb-0692-5452-acef-6e7e19a8ebcb""]",1.0,1.0,1.0,4005.8675309992395,estimated,6.840000000000001e-05,1016,44,1060,heuristic_estimate,model_cost_table,generation_model_costs@1.0.0
routed,sqa-a6c95a648b8cccd8,What is the main difference between the legacy permission model and the role-based permission model in MLflow?,score_gap_below_careful_threshold,CAREFUL,hybrid_rrf_cross_encoder,False,"[""7ae155a1-d81d-5b4c-b57e-97c0c2151add"",""f5c87c94-cae4-599a-b3e0-693356ce7611"",""4e6171cf-add8-5ffe-b5e4-e8a3925b3355"",""1e527474-b18f-5f11-904f-78728fbdb284"",""b9eb1ffb-0692-5452-acef-6e7e19a8ebcb""]",1.0,1.0,1.0,4183.738049992826,estimated,6.840000000000001e-05,1016,44,1060,heuristic_estimate,model_cost_table,generation_model_costs@1.0.0
always_fast,sqa-bd90972847373159,What trade-off occurs when opting for a lower number of vector chunks?,,FAST,dense_baseline,False,"[""04a39629-05c7-5448-84c3-5b0bab79636d"",""14d2e195-d9e3-5c46-885b-7481085e5173""]",1.0,1.0,1.0,107.83875099150464,estimated,5.1550000000000006e-05,791,30,821,heuristic_estimate,model_cost_table,generation_model_costs@1.0.0
always_careful,sqa-bd90972847373159,What trade-off occurs when opting for a lower number of vector chunks?,,CAREFUL,hybrid_rrf_cross_encoder,False,"[""04a39629-05c7-5448-84c3-5b0bab79636d"",""37a59087-1168-58db-ab12-974f2116ffff"",""3beff11e-5c55-5d74-b6cd-8dc25c0c21d2"",""62659c17-50bc-52f5-9a7f-59e150f73436"",""18acb2ce-264a-5e6b-9977-f359f870151e""]",1.0,1.0,1.0,3352.4420100147836,estimated,8.54e-05,1468,30,1498,heuristic_estimate,model_cost_table,generation_model_costs@1.0.0
routed,sqa-bd90972847373159,What trade-off occurs when opting for a lower number of vector chunks?,complexity_marker_count_at_least_careful_threshold,CAREFUL,hybrid_rrf_cross_encoder,False,"[""04a39629-05c7-5448-84c3-5b0bab79636d"",""37a59087-1168-58db-ab12-974f2116ffff"",""3beff11e-5c55-5d74-b6cd-8dc25c0c21d2"",""62659c17-50bc-52f5-9a7f-59e150f73436"",""18acb2ce-264a-5e6b-9977-f359f870151e""]",1.0,1.0,1.0,3460.2807610062882,estimated,8.54e-05,1468,30,1498,heuristic_estimate,model_cost_table,generation_model_costs@1.0.0
always_fast,sqa-9663384ed9b2a6ce,How does OpenAPI represent an output response field that is always present even if its value is null?,,FAST,dense_baseline,False,"[""fa25335a-b76a-5d78-b9f0-0b6926cec666"",""2cef0c3c-87a8-577a-8444-55dfd88c3088""]",1.0,1.0,1.0,152.76435995474458,estimated,3.625e-05,549,22,571,heuristic_estimate,model_cost_table,generation_model_costs@1.0.0
always_careful,sqa-9663384ed9b2a6ce,How does OpenAPI represent an output response field that is always present even if its value is null?,,CAREFUL,hybrid_rrf_cross_encoder,False,"[""fa25335a-b76a-5d78-b9f0-0b6926cec666"",""580289f2-16e0-55de-985e-e56614722357"",""70bcbcfa-4b4c-5a57-a844-3c78064e3806"",""2cef0c3c-87a8-577a-8444-55dfd88c3088"",""f1ea4c74-93ec-5219-b47e-e7d2f7786602""]",1.0,1.0,1.0,4062.9087010165676,estimated,6.855e-05,1195,22,1217,heuristic_estimate,model_cost_table,generation_model_costs@1.0.0
routed,sqa-9663384ed9b2a6ce,How does OpenAPI represent an output response field that is always present even if its value is null?,standard_fallback,STANDARD,dense_baseline,False,"[""fa25335a-b76a-5d78-b9f0-0b6926cec666"",""2cef0c3c-87a8-577a-8444-55dfd88c3088"",""95d8867e-0e02-5ce9-8bf9-a237fc44df15"",""f1d725d6-80e2-5e4e-bce0-4589da13dafe"",""7cfd33a4-b447-5348-8059-afa15d96ebbc"",""2fbb3afa-5f7b-582c-ab28-5c14c8859d4e"",""db937859-df5c-5da8-8d18-e7a759b61282"",""f1ea4c74-93ec-5219-b47e-e7d2f7786602"",""3a54d3d2-4139-50ec-8d73-0349fcc85977"",""d5d9456b-40e2-5174-ab10-1cf0ec6ec78d""]",1.0,1.0,1.0,305.52871990948915,estimated,0.0001088,2000,22,2022,heuristic_estimate,model_cost_table,generation_model_costs@1.0.0
